,LHS,RHS,support,confidence,coverage,lift,count
1,{ETHYLCELLULOSE},{TITANIUM DIOXIDE},0.01,1.0,0.01,1.19,5
2,{TITANIUM DIOXIDE},{ETHYLCELLULOSE},0.01,0.01,0.84,1.19,5
3,{SORBITOL},{SODIUM HYDROXIDE},0.01,0.71,0.02,41.94,5
4,{SODIUM HYDROXIDE},{SORBITOL},0.01,0.71,0.02,41.94,5
5,{SORBITOL},{MEGLUMINE},0.01,0.86,0.02,32.03,6
6,{MEGLUMINE},{SORBITOL},0.01,0.55,0.03,32.03,6
7,{SORBITOL},{POVIDONE},0.01,0.86,0.02,2.86,6
8,{POVIDONE},{SORBITOL},0.01,0.05,0.3,2.86,6
9,{SORBITOL},{MAGNESIUM STEARATE},0.02,1.0,0.02,1.16,7
10,{MAGNESIUM STEARATE},{SORBITOL},0.02,0.02,0.86,1.16,7
11,{SORBITAN MONOLAURATE},{COPOVIDONE},0.01,1.0,0.01,19.57,5
12,{COPOVIDONE},{SORBITAN MONOLAURATE},0.01,0.24,0.05,19.57,5
13,{SORBITAN MONOLAURATE},{SODIUM STEARYL FUMARATE},0.01,1.0,0.01,11.74,5
14,{SODIUM STEARYL FUMARATE},{SORBITAN MONOLAURATE},0.01,0.14,0.09,11.74,5
15,{SORBITAN MONOLAURATE},"{SILICON DIOXIDE, ANHYDROUS}",0.01,1.0,0.01,2.28,5
16,"{SILICON DIOXIDE, ANHYDROUS}",{SORBITAN MONOLAURATE},0.01,0.03,0.44,2.28,5
17,{SORBITAN MONOLAURATE},{TALC},0.01,1.0,0.01,1.88,5
18,{TALC},{SORBITAN MONOLAURATE},0.01,0.02,0.53,1.88,5
19,{SORBITAN MONOLAURATE},{POLYETHYLENE GLYCOL},0.01,1.0,0.01,1.52,5
20,{POLYETHYLENE GLYCOL},{SORBITAN MONOLAURATE},0.01,0.02,0.66,1.52,5
21,{SORBITAN MONOLAURATE},{TITANIUM DIOXIDE},0.01,1.0,0.01,1.19,5
22,{TITANIUM DIOXIDE},{SORBITAN MONOLAURATE},0.01,0.01,0.84,1.19,5
23,{POLYDEXTROSE},{HYPROMELLOSE},0.01,1.0,0.01,1.79,5
24,{HYPROMELLOSE},{POLYDEXTROSE},0.01,0.02,0.56,1.79,5
25,{GLYCEROL MONOCAPRYLOCAPRATE},"{SILICON DIOXIDE, ANHYDROUS}",0.01,1.0,0.01,2.28,5
26,"{SILICON DIOXIDE, ANHYDROUS}",{GLYCEROL MONOCAPRYLOCAPRATE},0.01,0.03,0.44,2.28,5
27,{GLYCEROL MONOCAPRYLOCAPRATE},{TALC},0.01,1.0,0.01,1.88,5
28,{TALC},{GLYCEROL MONOCAPRYLOCAPRATE},0.01,0.02,0.53,1.88,5
29,{GLYCEROL MONOCAPRYLOCAPRATE},{IRON OXIDE},0.01,1.0,0.01,1.64,5
30,{IRON OXIDE},{GLYCEROL MONOCAPRYLOCAPRATE},0.01,0.02,0.61,1.64,5
31,{GLYCEROL MONOCAPRYLOCAPRATE},{TITANIUM DIOXIDE},0.01,1.0,0.01,1.19,5
32,{TITANIUM DIOXIDE},{GLYCEROL MONOCAPRYLOCAPRATE},0.01,0.01,0.84,1.19,5
33,{SODIUM HYDROXIDE},{MEGLUMINE},0.01,0.71,0.02,26.69,5
34,{MEGLUMINE},{SODIUM HYDROXIDE},0.01,0.45,0.03,26.69,5
35,{SODIUM HYDROXIDE},{POVIDONE},0.01,0.71,0.02,2.39,5
36,{POVIDONE},{SODIUM HYDROXIDE},0.01,0.04,0.3,2.39,5
37,{SODIUM HYDROXIDE},{MAGNESIUM STEARATE},0.01,0.86,0.02,0.99,6
38,{MAGNESIUM STEARATE},{SODIUM HYDROXIDE},0.01,0.02,0.86,0.99,6
39,{GLYCEROL DIBEHENATE},{TALC},0.01,0.71,0.02,1.34,5
40,{TALC},{GLYCEROL DIBEHENATE},0.01,0.02,0.53,1.34,5
41,{GLYCEROL DIBEHENATE},{IRON OXIDE},0.01,0.71,0.02,1.17,5
42,{IRON OXIDE},{GLYCEROL DIBEHENATE},0.01,0.02,0.61,1.17,5
43,{GLYCEROL DIBEHENATE},{TITANIUM DIOXIDE},0.01,0.86,0.02,1.02,6
44,{TITANIUM DIOXIDE},{GLYCEROL DIBEHENATE},0.01,0.02,0.84,1.02,6
45,{SUCROSE},{MICROCRYSTALLINE CELLULOSE},0.01,0.83,0.01,1.07,5
46,{MICROCRYSTALLINE CELLULOSE},{SUCROSE},0.01,0.02,0.78,1.07,5
47,{SUCROSE},{MAGNESIUM STEARATE},0.01,1.0,0.01,1.16,6
48,{MAGNESIUM STEARATE},{SUCROSE},0.01,0.02,0.86,1.16,6
49,{SUCROSE},{TITANIUM DIOXIDE},0.01,0.83,0.01,0.99,5
50,{TITANIUM DIOXIDE},{SUCROSE},0.01,0.01,0.84,0.99,5
51,{OPADRY},{HYPROMELLOSE},0.01,0.56,0.02,1.0,5
52,{HYPROMELLOSE},{OPADRY},0.01,0.02,0.56,1.0,5
53,{OPADRY},{POLYETHYLENE GLYCOL},0.02,0.89,0.02,1.35,8
54,{POLYETHYLENE GLYCOL},{OPADRY},0.02,0.03,0.66,1.35,8
55,{OPADRY},{MICROCRYSTALLINE CELLULOSE},0.02,0.78,0.02,1.0,7
56,{MICROCRYSTALLINE CELLULOSE},{OPADRY},0.02,0.02,0.78,1.0,7
57,{OPADRY},{MAGNESIUM STEARATE},0.02,0.89,0.02,1.03,8
58,{MAGNESIUM STEARATE},{OPADRY},0.02,0.02,0.86,1.03,8
59,{OPADRY},{TITANIUM DIOXIDE},0.02,0.89,0.02,1.06,8
60,{TITANIUM DIOXIDE},{OPADRY},0.02,0.02,0.84,1.06,8
61,{MEGLUMINE},{POLOXAMER},0.01,0.45,0.03,10.38,5
62,{POLOXAMER},{MEGLUMINE},0.01,0.28,0.04,10.38,5
63,{MEGLUMINE},{MAIZE STARCH},0.01,0.45,0.03,4.06,5
64,{MAIZE STARCH},{MEGLUMINE},0.01,0.11,0.11,4.06,5
65,{MEGLUMINE},{POVIDONE},0.03,1.0,0.03,3.34,11
66,{POVIDONE},{MEGLUMINE},0.03,0.09,0.3,3.34,11
67,{MEGLUMINE},{IRON OXIDE},0.02,0.64,0.03,1.05,7
68,{IRON OXIDE},{MEGLUMINE},0.02,0.03,0.61,1.05,7
69,{MEGLUMINE},{MICROCRYSTALLINE CELLULOSE},0.02,0.73,0.03,0.93,8
70,{MICROCRYSTALLINE CELLULOSE},{MEGLUMINE},0.02,0.02,0.78,0.93,8
71,{MEGLUMINE},{MAGNESIUM STEARATE},0.03,1.0,0.03,1.16,11
72,{MAGNESIUM STEARATE},{MEGLUMINE},0.03,0.03,0.86,1.16,11
73,{BRILLIANT BLUE},{TALC},0.01,0.56,0.02,1.04,5
74,{TALC},{BRILLIANT BLUE},0.01,0.02,0.53,1.04,5
75,{BRILLIANT BLUE},{IRON OXIDE},0.01,0.56,0.02,0.91,5
76,{IRON OXIDE},{BRILLIANT BLUE},0.01,0.02,0.61,0.91,5
77,{BRILLIANT BLUE},{POLYETHYLENE GLYCOL},0.01,0.67,0.02,1.01,6
78,{POLYETHYLENE GLYCOL},{BRILLIANT BLUE},0.01,0.02,0.66,1.01,6
79,{BRILLIANT BLUE},{MICROCRYSTALLINE CELLULOSE},0.02,0.89,0.02,1.14,8
80,{MICROCRYSTALLINE CELLULOSE},{BRILLIANT BLUE},0.02,0.02,0.78,1.14,8
81,{BRILLIANT BLUE},{MAGNESIUM STEARATE},0.02,1.0,0.02,1.16,9
82,{MAGNESIUM STEARATE},{BRILLIANT BLUE},0.02,0.03,0.86,1.16,9
83,{BRILLIANT BLUE},{TITANIUM DIOXIDE},0.02,0.89,0.02,1.06,8
84,{TITANIUM DIOXIDE},{BRILLIANT BLUE},0.02,0.02,0.84,1.06,8
85,{SUNSET YELLOW},{CROSCARMELLOSE SODIUM},0.02,0.7,0.02,1.58,7
86,{CROSCARMELLOSE SODIUM},{SUNSET YELLOW},0.02,0.04,0.44,1.58,7
87,{SUNSET YELLOW},"{SILICON DIOXIDE, ANHYDROUS}",0.01,0.6,0.02,1.37,6
88,"{SILICON DIOXIDE, ANHYDROUS}",{SUNSET YELLOW},0.01,0.03,0.44,1.37,6
89,{SUNSET YELLOW},{TALC},0.01,0.6,0.02,1.13,6
90,{TALC},{SUNSET YELLOW},0.01,0.03,0.53,1.13,6
91,{SUNSET YELLOW},{POLYETHYLENE GLYCOL},0.02,0.7,0.02,1.07,7
92,{POLYETHYLENE GLYCOL},{SUNSET YELLOW},0.02,0.03,0.66,1.07,7
93,{SUNSET YELLOW},{MICROCRYSTALLINE CELLULOSE},0.02,0.8,0.02,1.03,8
94,{MICROCRYSTALLINE CELLULOSE},{SUNSET YELLOW},0.02,0.02,0.78,1.03,8
95,{SUNSET YELLOW},{MAGNESIUM STEARATE},0.02,0.9,0.02,1.04,9
96,{MAGNESIUM STEARATE},{SUNSET YELLOW},0.02,0.03,0.86,1.04,9
97,{SUNSET YELLOW},{TITANIUM DIOXIDE},0.02,1.0,0.02,1.19,10
98,{TITANIUM DIOXIDE},{SUNSET YELLOW},0.02,0.03,0.84,1.19,10
99,{XANTHAN GUM},{LECITHIN},0.02,1.0,0.02,22.83,9
100,{LECITHIN},{XANTHAN GUM},0.02,0.5,0.04,22.83,9
101,{XANTHAN GUM},{POLYVINYL ALCOHOL},0.02,0.78,0.02,3.07,7
102,{POLYVINYL ALCOHOL},{XANTHAN GUM},0.02,0.07,0.25,3.07,7
103,{XANTHAN GUM},"{SILICON DIOXIDE, ANHYDROUS}",0.01,0.56,0.02,1.27,5
104,"{SILICON DIOXIDE, ANHYDROUS}",{XANTHAN GUM},0.01,0.03,0.44,1.27,5
105,{XANTHAN GUM},{LACTOSE MONOHYDRATE},0.01,0.67,0.02,1.47,6
106,{LACTOSE MONOHYDRATE},{XANTHAN GUM},0.01,0.03,0.45,1.47,6
107,{XANTHAN GUM},{TALC},0.02,1.0,0.02,1.88,9
108,{TALC},{XANTHAN GUM},0.02,0.04,0.53,1.88,9
109,{XANTHAN GUM},{MICROCRYSTALLINE CELLULOSE},0.02,0.78,0.02,1.0,7
110,{MICROCRYSTALLINE CELLULOSE},{XANTHAN GUM},0.02,0.02,0.78,1.0,7
111,{XANTHAN GUM},{MAGNESIUM STEARATE},0.02,0.89,0.02,1.03,8
112,{MAGNESIUM STEARATE},{XANTHAN GUM},0.02,0.02,0.86,1.03,8
113,{XANTHAN GUM},{TITANIUM DIOXIDE},0.02,1.0,0.02,1.19,9
114,{TITANIUM DIOXIDE},{XANTHAN GUM},0.02,0.03,0.84,1.19,9
115,{GLYCEROL},{MAIZE STARCH},0.01,0.6,0.02,5.36,6
116,{MAIZE STARCH},{GLYCEROL},0.01,0.13,0.11,5.36,6
117,{GLYCEROL},{POVIDONE},0.02,0.7,0.02,2.34,7
118,{POVIDONE},{GLYCEROL},0.02,0.06,0.3,2.34,7
119,{GLYCEROL},{HYPROMELLOSE},0.02,0.7,0.02,1.26,7
120,{HYPROMELLOSE},{GLYCEROL},0.02,0.03,0.56,1.26,7
121,{GLYCEROL},{IRON OXIDE},0.02,0.9,0.02,1.48,9
122,{IRON OXIDE},{GLYCEROL},0.02,0.04,0.61,1.48,9
123,{GLYCEROL},{MICROCRYSTALLINE CELLULOSE},0.01,0.5,0.02,0.64,5
124,{MICROCRYSTALLINE CELLULOSE},{GLYCEROL},0.01,0.02,0.78,0.64,5
125,{GLYCEROL},{MAGNESIUM STEARATE},0.02,1.0,0.02,1.16,10
126,{MAGNESIUM STEARATE},{GLYCEROL},0.02,0.03,0.86,1.16,10
127,{GLYCEROL},{TITANIUM DIOXIDE},0.02,0.7,0.02,0.83,7
128,{TITANIUM DIOXIDE},{GLYCEROL},0.02,0.02,0.84,0.83,7
129,"{SILICON DIOXIDE, HYDRATED}",{POLYVINYL ALCOHOL},0.01,0.5,0.03,1.98,6
130,{POLYVINYL ALCOHOL},"{SILICON DIOXIDE, HYDRATED}",0.01,0.06,0.25,1.98,6
131,"{SILICON DIOXIDE, HYDRATED}",{CROSCARMELLOSE SODIUM},0.02,0.67,0.03,1.51,8
132,{CROSCARMELLOSE SODIUM},"{SILICON DIOXIDE, HYDRATED}",0.02,0.04,0.44,1.51,8
133,"{SILICON DIOXIDE, HYDRATED}",{LACTOSE MONOHYDRATE},0.02,0.67,0.03,1.47,8
134,{LACTOSE MONOHYDRATE},"{SILICON DIOXIDE, HYDRATED}",0.02,0.04,0.45,1.47,8
135,"{SILICON DIOXIDE, HYDRATED}",{TALC},0.02,0.67,0.03,1.25,8
136,{TALC},"{SILICON DIOXIDE, HYDRATED}",0.02,0.04,0.53,1.25,8
137,"{SILICON DIOXIDE, HYDRATED}",{IRON OXIDE},0.02,0.67,0.03,1.1,8
138,{IRON OXIDE},"{SILICON DIOXIDE, HYDRATED}",0.02,0.03,0.61,1.1,8
139,"{SILICON DIOXIDE, HYDRATED}",{POLYETHYLENE GLYCOL},0.02,0.67,0.03,1.01,8
140,{POLYETHYLENE GLYCOL},"{SILICON DIOXIDE, HYDRATED}",0.02,0.03,0.66,1.01,8
141,"{SILICON DIOXIDE, HYDRATED}",{MICROCRYSTALLINE CELLULOSE},0.03,0.92,0.03,1.18,11
142,{MICROCRYSTALLINE CELLULOSE},"{SILICON DIOXIDE, HYDRATED}",0.03,0.03,0.78,1.18,11
143,"{SILICON DIOXIDE, HYDRATED}",{MAGNESIUM STEARATE},0.03,0.92,0.03,1.06,11
144,{MAGNESIUM STEARATE},"{SILICON DIOXIDE, HYDRATED}",0.03,0.03,0.86,1.06,11
145,"{SILICON DIOXIDE, HYDRATED}",{TITANIUM DIOXIDE},0.02,0.83,0.03,0.99,10
146,{TITANIUM DIOXIDE},"{SILICON DIOXIDE, HYDRATED}",0.02,0.03,0.84,0.99,10
147,{HYPROMELLOSE ACETATE SUCCINATE},{POLYVINYL ALCOHOL},0.01,0.45,0.03,1.8,5
148,{POLYVINYL ALCOHOL},{HYPROMELLOSE ACETATE SUCCINATE},0.01,0.05,0.25,1.8,5
149,{HYPROMELLOSE ACETATE SUCCINATE},{CROSCARMELLOSE SODIUM},0.02,0.91,0.03,2.05,10
150,{CROSCARMELLOSE SODIUM},{HYPROMELLOSE ACETATE SUCCINATE},0.02,0.05,0.44,2.05,10
151,{HYPROMELLOSE ACETATE SUCCINATE},"{SILICON DIOXIDE, ANHYDROUS}",0.02,0.64,0.03,1.45,7
152,"{SILICON DIOXIDE, ANHYDROUS}",{HYPROMELLOSE ACETATE SUCCINATE},0.02,0.04,0.44,1.45,7
153,{HYPROMELLOSE ACETATE SUCCINATE},{LACTOSE MONOHYDRATE},0.01,0.45,0.03,1.0,5
154,{LACTOSE MONOHYDRATE},{HYPROMELLOSE ACETATE SUCCINATE},0.01,0.03,0.45,1.0,5
155,{HYPROMELLOSE ACETATE SUCCINATE},{TALC},0.02,0.64,0.03,1.19,7
156,{TALC},{HYPROMELLOSE ACETATE SUCCINATE},0.02,0.03,0.53,1.19,7
157,{HYPROMELLOSE ACETATE SUCCINATE},{HYPROMELLOSE},0.01,0.45,0.03,0.82,5
158,{HYPROMELLOSE},{HYPROMELLOSE ACETATE SUCCINATE},0.01,0.02,0.56,0.82,5
159,{HYPROMELLOSE ACETATE SUCCINATE},{IRON OXIDE},0.02,0.73,0.03,1.2,8
160,{IRON OXIDE},{HYPROMELLOSE ACETATE SUCCINATE},0.02,0.03,0.61,1.2,8
161,{HYPROMELLOSE ACETATE SUCCINATE},{POLYETHYLENE GLYCOL},0.01,0.45,0.03,0.69,5
162,{POLYETHYLENE GLYCOL},{HYPROMELLOSE ACETATE SUCCINATE},0.01,0.02,0.66,0.69,5
163,{HYPROMELLOSE ACETATE SUCCINATE},{MICROCRYSTALLINE CELLULOSE},0.02,0.91,0.03,1.17,10
164,{MICROCRYSTALLINE CELLULOSE},{HYPROMELLOSE ACETATE SUCCINATE},0.02,0.03,0.78,1.17,10
165,{HYPROMELLOSE ACETATE SUCCINATE},{MAGNESIUM STEARATE},0.02,0.91,0.03,1.05,10
166,{MAGNESIUM STEARATE},{HYPROMELLOSE ACETATE SUCCINATE},0.02,0.03,0.86,1.05,10
167,{HYPROMELLOSE ACETATE SUCCINATE},{TITANIUM DIOXIDE},0.02,0.91,0.03,1.08,10
168,{TITANIUM DIOXIDE},{HYPROMELLOSE ACETATE SUCCINATE},0.02,0.03,0.84,1.08,10
169,{SILICIFIED MICROCRYSTALLINE CELLULOSE},{CROSPOVIDONE},0.01,0.38,0.03,1.7,5
170,{CROSPOVIDONE},{SILICIFIED MICROCRYSTALLINE CELLULOSE},0.01,0.05,0.23,1.7,5
171,{SILICIFIED MICROCRYSTALLINE CELLULOSE},{POLYVINYL ALCOHOL},0.01,0.38,0.03,1.52,5
172,{POLYVINYL ALCOHOL},{SILICIFIED MICROCRYSTALLINE CELLULOSE},0.01,0.05,0.25,1.52,5
173,{SILICIFIED MICROCRYSTALLINE CELLULOSE},{CROSCARMELLOSE SODIUM},0.01,0.46,0.03,1.04,6
174,{CROSCARMELLOSE SODIUM},{SILICIFIED MICROCRYSTALLINE CELLULOSE},0.01,0.03,0.44,1.04,6
175,{SILICIFIED MICROCRYSTALLINE CELLULOSE},"{SILICON DIOXIDE, ANHYDROUS}",0.02,0.77,0.03,1.76,10
176,"{SILICON DIOXIDE, ANHYDROUS}",{SILICIFIED MICROCRYSTALLINE CELLULOSE},0.02,0.06,0.44,1.76,10
177,{SILICIFIED MICROCRYSTALLINE CELLULOSE},{LACTOSE MONOHYDRATE},0.01,0.38,0.03,0.85,5
178,{LACTOSE MONOHYDRATE},{SILICIFIED MICROCRYSTALLINE CELLULOSE},0.01,0.03,0.45,0.85,5
179,{SILICIFIED MICROCRYSTALLINE CELLULOSE},{TALC},0.02,0.62,0.03,1.15,8
180,{TALC},{SILICIFIED MICROCRYSTALLINE CELLULOSE},0.02,0.04,0.53,1.15,8
181,{SILICIFIED MICROCRYSTALLINE CELLULOSE},{HYPROMELLOSE},0.02,0.54,0.03,0.97,7
182,{HYPROMELLOSE},{SILICIFIED MICROCRYSTALLINE CELLULOSE},0.02,0.03,0.56,0.97,7
183,{SILICIFIED MICROCRYSTALLINE CELLULOSE},{IRON OXIDE},0.02,0.62,0.03,1.01,8
184,{IRON OXIDE},{SILICIFIED MICROCRYSTALLINE CELLULOSE},0.02,0.03,0.61,1.01,8
185,{SILICIFIED MICROCRYSTALLINE CELLULOSE},{POLYETHYLENE GLYCOL},0.02,0.69,0.03,1.05,9
186,{POLYETHYLENE GLYCOL},{SILICIFIED MICROCRYSTALLINE CELLULOSE},0.02,0.03,0.66,1.05,9
187,{SILICIFIED MICROCRYSTALLINE CELLULOSE},{MICROCRYSTALLINE CELLULOSE},0.01,0.38,0.03,0.49,5
188,{MICROCRYSTALLINE CELLULOSE},{SILICIFIED MICROCRYSTALLINE CELLULOSE},0.01,0.02,0.78,0.49,5
189,{SILICIFIED MICROCRYSTALLINE CELLULOSE},{MAGNESIUM STEARATE},0.03,0.92,0.03,1.07,12
190,{MAGNESIUM STEARATE},{SILICIFIED MICROCRYSTALLINE CELLULOSE},0.03,0.03,0.86,1.07,12
191,{SILICIFIED MICROCRYSTALLINE CELLULOSE},{TITANIUM DIOXIDE},0.03,0.85,0.03,1.01,11
192,{TITANIUM DIOXIDE},{SILICIFIED MICROCRYSTALLINE CELLULOSE},0.03,0.03,0.84,1.01,11
193,{HYDROGENATED CASTOR OIL},{LOW SUBSTITUTED HYDROXYPROPYL CELLULOSE},0.01,0.43,0.03,7.34,6
194,{LOW SUBSTITUTED HYDROXYPROPYL CELLULOSE},{HYDROGENATED CASTOR OIL},0.01,0.25,0.06,7.34,6
195,{HYDROGENATED CASTOR OIL},{MANNITOL},0.01,0.36,0.03,2.04,5
196,{MANNITOL},{HYDROGENATED CASTOR OIL},0.01,0.07,0.18,2.04,5
197,{HYDROGENATED CASTOR OIL},{HYDROXYPROPYLCELLULOSE},0.01,0.43,0.03,2.0,6
198,{HYDROXYPROPYLCELLULOSE},{HYDROGENATED CASTOR OIL},0.01,0.07,0.21,2.0,6
199,{HYDROGENATED CASTOR OIL},{CROSPOVIDONE},0.01,0.43,0.03,1.89,6
200,{CROSPOVIDONE},{HYDROGENATED CASTOR OIL},0.01,0.06,0.23,1.89,6
201,{HYDROGENATED CASTOR OIL},"{SILICON DIOXIDE, ANHYDROUS}",0.01,0.36,0.03,0.82,5
202,"{SILICON DIOXIDE, ANHYDROUS}",{HYDROGENATED CASTOR OIL},0.01,0.03,0.44,0.82,5
203,{HYDROGENATED CASTOR OIL},{TALC},0.02,0.64,0.03,1.21,9
204,{TALC},{HYDROGENATED CASTOR OIL},0.02,0.04,0.53,1.21,9
205,{HYDROGENATED CASTOR OIL},{HYPROMELLOSE},0.02,0.57,0.03,1.03,8
206,{HYPROMELLOSE},{HYDROGENATED CASTOR OIL},0.02,0.03,0.56,1.03,8
207,{HYDROGENATED CASTOR OIL},{IRON OXIDE},0.03,0.86,0.03,1.41,12
208,{IRON OXIDE},{HYDROGENATED CASTOR OIL},0.03,0.05,0.61,1.41,12
209,{HYDROGENATED CASTOR OIL},{POLYETHYLENE GLYCOL},0.03,0.79,0.03,1.2,11
210,{POLYETHYLENE GLYCOL},{HYDROGENATED CASTOR OIL},0.03,0.04,0.66,1.2,11
211,{HYDROGENATED CASTOR OIL},{MICROCRYSTALLINE CELLULOSE},0.02,0.71,0.03,0.92,10
212,{MICROCRYSTALLINE CELLULOSE},{HYDROGENATED CASTOR OIL},0.02,0.03,0.78,0.92,10
213,{HYDROGENATED CASTOR OIL},{TITANIUM DIOXIDE},0.03,1.0,0.03,1.19,14
214,{TITANIUM DIOXIDE},{HYDROGENATED CASTOR OIL},0.03,0.04,0.84,1.19,14
215,{STEARIC ACID},{MAIZE STARCH},0.01,0.33,0.04,2.98,5
216,{MAIZE STARCH},{STEARIC ACID},0.01,0.11,0.11,2.98,5
217,{STEARIC ACID},{PREGELATINISED STARCH},0.01,0.33,0.04,3.19,5
218,{PREGELATINISED STARCH},{STEARIC ACID},0.01,0.12,0.1,3.19,5
219,{STEARIC ACID},{HYDROXYPROPYLCELLULOSE},0.01,0.33,0.04,1.56,5
220,{HYDROXYPROPYLCELLULOSE},{STEARIC ACID},0.01,0.06,0.21,1.56,5
221,{STEARIC ACID},{CROSPOVIDONE},0.01,0.4,0.04,1.77,6
222,{CROSPOVIDONE},{STEARIC ACID},0.01,0.06,0.23,1.77,6
223,{STEARIC ACID},"{SILICON DIOXIDE, ANHYDROUS}",0.02,0.53,0.04,1.22,8
224,"{SILICON DIOXIDE, ANHYDROUS}",{STEARIC ACID},0.02,0.04,0.44,1.22,8
225,{STEARIC ACID},{LACTOSE MONOHYDRATE},0.02,0.6,0.04,1.33,9
226,{LACTOSE MONOHYDRATE},{STEARIC ACID},0.02,0.05,0.45,1.33,9
227,{STEARIC ACID},{TALC},0.02,0.67,0.04,1.25,10
228,{TALC},{STEARIC ACID},0.02,0.05,0.53,1.25,10
229,{STEARIC ACID},{HYPROMELLOSE},0.03,0.8,0.04,1.44,12
230,{HYPROMELLOSE},{STEARIC ACID},0.03,0.05,0.56,1.44,12
231,{STEARIC ACID},{IRON OXIDE},0.02,0.67,0.04,1.1,10
232,{IRON OXIDE},{STEARIC ACID},0.02,0.04,0.61,1.1,10
233,{STEARIC ACID},{POLYETHYLENE GLYCOL},0.02,0.53,0.04,0.81,8
234,{POLYETHYLENE GLYCOL},{STEARIC ACID},0.02,0.03,0.66,0.81,8
235,{STEARIC ACID},{MICROCRYSTALLINE CELLULOSE},0.02,0.67,0.04,0.86,10
236,{MICROCRYSTALLINE CELLULOSE},{STEARIC ACID},0.02,0.03,0.78,0.86,10
237,{STEARIC ACID},{MAGNESIUM STEARATE},0.01,0.4,0.04,0.46,6
238,{MAGNESIUM STEARATE},{STEARIC ACID},0.01,0.02,0.86,0.46,6
239,{STEARIC ACID},{TITANIUM DIOXIDE},0.03,0.87,0.04,1.03,13
240,{TITANIUM DIOXIDE},{STEARIC ACID},0.03,0.04,0.84,1.03,13
241,{LECITHIN},{CROSPOVIDONE},0.01,0.28,0.04,1.23,5
242,{CROSPOVIDONE},{LECITHIN},0.01,0.05,0.23,1.23,5
243,{LECITHIN},{POLYVINYL ALCOHOL},0.03,0.78,0.04,3.07,14
244,{POLYVINYL ALCOHOL},{LECITHIN},0.03,0.13,0.25,3.07,14
245,{LECITHIN},{POVIDONE},0.01,0.33,0.04,1.11,6
246,{POVIDONE},{LECITHIN},0.01,0.05,0.3,1.11,6
247,{LECITHIN},{CROSCARMELLOSE SODIUM},0.02,0.44,0.04,1.0,8
248,{CROSCARMELLOSE SODIUM},{LECITHIN},0.02,0.04,0.44,1.0,8
249,{LECITHIN},"{SILICON DIOXIDE, ANHYDROUS}",0.02,0.39,0.04,0.89,7
250,"{SILICON DIOXIDE, ANHYDROUS}",{LECITHIN},0.02,0.04,0.44,0.89,7
251,{LECITHIN},{LACTOSE MONOHYDRATE},0.02,0.44,0.04,0.98,8
252,{LACTOSE MONOHYDRATE},{LECITHIN},0.02,0.04,0.45,0.98,8
253,{LECITHIN},{TALC},0.04,1.0,0.04,1.88,18
254,{TALC},{LECITHIN},0.04,0.08,0.53,1.88,18
255,{LECITHIN},{IRON OXIDE},0.02,0.5,0.04,0.82,9
256,{IRON OXIDE},{LECITHIN},0.02,0.04,0.61,0.82,9
257,{LECITHIN},{POLYETHYLENE GLYCOL},0.02,0.5,0.04,0.76,9
258,{POLYETHYLENE GLYCOL},{LECITHIN},0.02,0.03,0.66,0.76,9
259,{LECITHIN},{MICROCRYSTALLINE CELLULOSE},0.04,0.89,0.04,1.14,16
260,{MICROCRYSTALLINE CELLULOSE},{LECITHIN},0.04,0.05,0.78,1.14,16
261,{LECITHIN},{MAGNESIUM STEARATE},0.04,0.94,0.04,1.09,17
262,{MAGNESIUM STEARATE},{LECITHIN},0.04,0.05,0.86,1.09,17
263,{LECITHIN},{TITANIUM DIOXIDE},0.04,0.94,0.04,1.12,17
264,{TITANIUM DIOXIDE},{LECITHIN},0.04,0.05,0.84,1.12,17
265,{POLOXAMER},{MAIZE STARCH},0.01,0.28,0.04,2.48,5
266,{MAIZE STARCH},{POLOXAMER},0.01,0.11,0.11,2.48,5
267,{POLOXAMER},{POVIDONE},0.03,0.72,0.04,2.41,13
268,{POVIDONE},{POLOXAMER},0.03,0.11,0.3,2.41,13
269,{POLOXAMER},{CROSCARMELLOSE SODIUM},0.02,0.56,0.04,1.25,10
270,{CROSCARMELLOSE SODIUM},{POLOXAMER},0.02,0.05,0.44,1.25,10
271,{POLOXAMER},"{SILICON DIOXIDE, ANHYDROUS}",0.02,0.44,0.04,1.01,8
272,"{SILICON DIOXIDE, ANHYDROUS}",{POLOXAMER},0.02,0.04,0.44,1.01,8
273,{POLOXAMER},{LACTOSE MONOHYDRATE},0.02,0.44,0.04,0.98,8
274,{LACTOSE MONOHYDRATE},{POLOXAMER},0.02,0.04,0.45,0.98,8
275,{POLOXAMER},{TALC},0.01,0.33,0.04,0.63,6
276,{TALC},{POLOXAMER},0.01,0.03,0.53,0.63,6
277,{POLOXAMER},{HYPROMELLOSE},0.02,0.44,0.04,0.8,8
278,{HYPROMELLOSE},{POLOXAMER},0.02,0.03,0.56,0.8,8
279,{POLOXAMER},{IRON OXIDE},0.03,0.61,0.04,1.0,11
280,{IRON OXIDE},{POLOXAMER},0.03,0.04,0.61,1.0,11
281,{POLOXAMER},{POLYETHYLENE GLYCOL},0.02,0.5,0.04,0.76,9
282,{POLYETHYLENE GLYCOL},{POLOXAMER},0.02,0.03,0.66,0.76,9
283,{POLOXAMER},{MICROCRYSTALLINE CELLULOSE},0.04,0.94,0.04,1.21,17
284,{MICROCRYSTALLINE CELLULOSE},{POLOXAMER},0.04,0.05,0.78,1.21,17
285,{POLOXAMER},{MAGNESIUM STEARATE},0.04,0.89,0.04,1.03,16
286,{MAGNESIUM STEARATE},{POLOXAMER},0.04,0.05,0.86,1.03,16
287,{POLOXAMER},{TITANIUM DIOXIDE},0.03,0.67,0.04,0.79,12
288,{TITANIUM DIOXIDE},{POLOXAMER},0.03,0.03,0.84,0.79,12
289,{SHELLAC},{PROPYLENE GLYCOL},0.02,0.56,0.04,13.6,9
290,{PROPYLENE GLYCOL},{SHELLAC},0.02,0.53,0.04,13.6,9
291,{SHELLAC},{PRINTING INK},0.03,0.88,0.04,21.15,14
292,{PRINTING INK},{SHELLAC},0.03,0.82,0.04,21.15,14
293,{SHELLAC},{INDIGO CARMINE},0.03,0.69,0.04,4.42,11
294,{INDIGO CARMINE},{SHELLAC},0.03,0.17,0.16,4.42,11
295,{SHELLAC},{POLYVINYL ALCOHOL},0.02,0.44,0.04,1.73,7
296,{POLYVINYL ALCOHOL},{SHELLAC},0.02,0.07,0.25,1.73,7
297,{SHELLAC},{POVIDONE},0.01,0.38,0.04,1.25,6
298,{POVIDONE},{SHELLAC},0.01,0.05,0.3,1.25,6
299,{SHELLAC},{CROSCARMELLOSE SODIUM},0.02,0.62,0.04,1.41,10
300,{CROSCARMELLOSE SODIUM},{SHELLAC},0.02,0.05,0.44,1.41,10
301,{SHELLAC},"{SILICON DIOXIDE, ANHYDROUS}",0.01,0.38,0.04,0.86,6
302,"{SILICON DIOXIDE, ANHYDROUS}",{SHELLAC},0.01,0.03,0.44,0.86,6
303,{SHELLAC},{LACTOSE MONOHYDRATE},0.02,0.5,0.04,1.1,8
304,{LACTOSE MONOHYDRATE},{SHELLAC},0.02,0.04,0.45,1.1,8
305,{SHELLAC},{TALC},0.02,0.62,0.04,1.17,10
306,{TALC},{SHELLAC},0.02,0.05,0.53,1.17,10
307,{SHELLAC},{HYPROMELLOSE},0.01,0.38,0.04,0.67,6
308,{HYPROMELLOSE},{SHELLAC},0.01,0.03,0.56,0.67,6
309,{SHELLAC},{IRON OXIDE},0.04,0.94,0.04,1.54,15
310,{IRON OXIDE},{SHELLAC},0.04,0.06,0.61,1.54,15
311,{SHELLAC},{POLYETHYLENE GLYCOL},0.03,0.81,0.04,1.24,13
312,{POLYETHYLENE GLYCOL},{SHELLAC},0.03,0.05,0.66,1.24,13
313,{SHELLAC},{MICROCRYSTALLINE CELLULOSE},0.03,0.75,0.04,0.96,12
314,{MICROCRYSTALLINE CELLULOSE},{SHELLAC},0.03,0.04,0.78,0.96,12
315,{SHELLAC},{MAGNESIUM STEARATE},0.03,0.88,0.04,1.01,14
316,{MAGNESIUM STEARATE},{SHELLAC},0.03,0.04,0.86,1.01,14
317,{SHELLAC},{TITANIUM DIOXIDE},0.04,0.94,0.04,1.11,15
318,{TITANIUM DIOXIDE},{SHELLAC},0.04,0.04,0.84,1.11,15
319,{COPOVIDONE},{SODIUM STEARYL FUMARATE},0.02,0.43,0.05,5.03,9
320,{SODIUM STEARYL FUMARATE},{COPOVIDONE},0.02,0.26,0.09,5.03,9
321,{COPOVIDONE},{POLYSORBATE},0.01,0.24,0.05,2.8,5
322,{POLYSORBATE},{COPOVIDONE},0.01,0.14,0.09,2.8,5
323,{COPOVIDONE},{MANNITOL},0.01,0.29,0.05,1.63,6
324,{MANNITOL},{COPOVIDONE},0.01,0.08,0.18,1.63,6
325,{COPOVIDONE},{POLYVINYL ALCOHOL},0.02,0.33,0.05,1.32,7
326,{POLYVINYL ALCOHOL},{COPOVIDONE},0.02,0.07,0.25,1.32,7
327,{COPOVIDONE},{CROSCARMELLOSE SODIUM},0.01,0.29,0.05,0.65,6
328,{CROSCARMELLOSE SODIUM},{COPOVIDONE},0.01,0.03,0.44,0.65,6
329,{COPOVIDONE},"{SILICON DIOXIDE, ANHYDROUS}",0.03,0.67,0.05,1.52,14
330,"{SILICON DIOXIDE, ANHYDROUS}",{COPOVIDONE},0.03,0.08,0.44,1.52,14
331,{COPOVIDONE},{TALC},0.04,0.81,0.05,1.52,17
332,{TALC},{COPOVIDONE},0.04,0.08,0.53,1.52,17
333,{COPOVIDONE},{HYPROMELLOSE},0.03,0.57,0.05,1.03,12
334,{HYPROMELLOSE},{COPOVIDONE},0.03,0.05,0.56,1.03,12
335,{COPOVIDONE},{IRON OXIDE},0.04,0.81,0.05,1.33,17
336,{IRON OXIDE},{COPOVIDONE},0.04,0.07,0.61,1.33,17
337,{COPOVIDONE},{POLYETHYLENE GLYCOL},0.04,0.81,0.05,1.23,17
338,{POLYETHYLENE GLYCOL},{COPOVIDONE},0.04,0.06,0.66,1.23,17
339,{COPOVIDONE},{MICROCRYSTALLINE CELLULOSE},0.02,0.48,0.05,0.61,10
340,{MICROCRYSTALLINE CELLULOSE},{COPOVIDONE},0.02,0.03,0.78,0.61,10
341,{COPOVIDONE},{MAGNESIUM STEARATE},0.03,0.57,0.05,0.66,12
342,{MAGNESIUM STEARATE},{COPOVIDONE},0.03,0.03,0.86,0.66,12
343,{COPOVIDONE},{TITANIUM DIOXIDE},0.05,1.0,0.05,1.19,21
344,{TITANIUM DIOXIDE},{COPOVIDONE},0.05,0.06,0.84,1.19,21
345,{PROPYLENE GLYCOL},{PRINTING INK},0.02,0.59,0.04,14.22,10
346,{PRINTING INK},{PROPYLENE GLYCOL},0.02,0.59,0.04,14.22,10
347,{PROPYLENE GLYCOL},{CARNAUBA WAX},0.01,0.29,0.04,4.32,5
348,{CARNAUBA WAX},{PROPYLENE GLYCOL},0.01,0.18,0.07,4.32,5
349,{PROPYLENE GLYCOL},{INDIGO CARMINE},0.02,0.47,0.04,3.02,8
350,{INDIGO CARMINE},{PROPYLENE GLYCOL},0.02,0.12,0.16,3.02,8
351,{PROPYLENE GLYCOL},{POVIDONE},0.02,0.41,0.04,1.38,7
352,{POVIDONE},{PROPYLENE GLYCOL},0.02,0.06,0.3,1.38,7
353,{PROPYLENE GLYCOL},{CROSCARMELLOSE SODIUM},0.02,0.41,0.04,0.93,7
354,{CROSCARMELLOSE SODIUM},{PROPYLENE GLYCOL},0.02,0.04,0.44,0.93,7
355,{PROPYLENE GLYCOL},"{SILICON DIOXIDE, ANHYDROUS}",0.02,0.53,0.04,1.21,9
356,"{SILICON DIOXIDE, ANHYDROUS}",{PROPYLENE GLYCOL},0.02,0.05,0.44,1.21,9
357,{PROPYLENE GLYCOL},{LACTOSE MONOHYDRATE},0.02,0.47,0.04,1.04,8
358,{LACTOSE MONOHYDRATE},{PROPYLENE GLYCOL},0.02,0.04,0.45,1.04,8
359,{PROPYLENE GLYCOL},{TALC},0.02,0.59,0.04,1.1,10
360,{TALC},{PROPYLENE GLYCOL},0.02,0.05,0.53,1.1,10
361,{PROPYLENE GLYCOL},{HYPROMELLOSE},0.02,0.59,0.04,1.06,10
362,{HYPROMELLOSE},{PROPYLENE GLYCOL},0.02,0.04,0.56,1.06,10
363,{PROPYLENE GLYCOL},{IRON OXIDE},0.04,0.94,0.04,1.55,16
364,{IRON OXIDE},{PROPYLENE GLYCOL},0.04,0.06,0.61,1.55,16
365,{PROPYLENE GLYCOL},{POLYETHYLENE GLYCOL},0.03,0.71,0.04,1.07,12
366,{POLYETHYLENE GLYCOL},{PROPYLENE GLYCOL},0.03,0.04,0.66,1.07,12
367,{PROPYLENE GLYCOL},{MICROCRYSTALLINE CELLULOSE},0.03,0.71,0.04,0.91,12
368,{MICROCRYSTALLINE CELLULOSE},{PROPYLENE GLYCOL},0.03,0.04,0.78,0.91,12
369,{PROPYLENE GLYCOL},{MAGNESIUM STEARATE},0.03,0.76,0.04,0.89,13
370,{MAGNESIUM STEARATE},{PROPYLENE GLYCOL},0.03,0.04,0.86,0.89,13
371,{PROPYLENE GLYCOL},{TITANIUM DIOXIDE},0.04,1.0,0.04,1.19,17
372,{TITANIUM DIOXIDE},{PROPYLENE GLYCOL},0.04,0.05,0.84,1.19,17
373,{PRINTING INK},{CARNAUBA WAX},0.01,0.35,0.04,5.18,6
374,{CARNAUBA WAX},{PRINTING INK},0.01,0.21,0.07,5.18,6
375,{PRINTING INK},{INDIGO CARMINE},0.03,0.71,0.04,4.53,12
376,{INDIGO CARMINE},{PRINTING INK},0.03,0.19,0.16,4.53,12
377,{PRINTING INK},{POLYVINYL ALCOHOL},0.02,0.41,0.04,1.63,7
378,{POLYVINYL ALCOHOL},{PRINTING INK},0.02,0.07,0.25,1.63,7
379,{PRINTING INK},{POVIDONE},0.02,0.41,0.04,1.38,7
380,{POVIDONE},{PRINTING INK},0.02,0.06,0.3,1.38,7
381,{PRINTING INK},{CROSCARMELLOSE SODIUM},0.02,0.53,0.04,1.2,9
382,{CROSCARMELLOSE SODIUM},{PRINTING INK},0.02,0.05,0.44,1.2,9
383,{PRINTING INK},"{SILICON DIOXIDE, ANHYDROUS}",0.02,0.41,0.04,0.94,7
384,"{SILICON DIOXIDE, ANHYDROUS}",{PRINTING INK},0.02,0.04,0.44,0.94,7
385,{PRINTING INK},{LACTOSE MONOHYDRATE},0.02,0.53,0.04,1.17,9
386,{LACTOSE MONOHYDRATE},{PRINTING INK},0.02,0.05,0.45,1.17,9
387,{PRINTING INK},{TALC},0.02,0.53,0.04,0.99,9
388,{TALC},{PRINTING INK},0.02,0.04,0.53,0.99,9
389,{PRINTING INK},{HYPROMELLOSE},0.02,0.47,0.04,0.84,8
390,{HYPROMELLOSE},{PRINTING INK},0.02,0.03,0.56,0.84,8
391,{PRINTING INK},{IRON OXIDE},0.04,0.88,0.04,1.45,15
392,{IRON OXIDE},{PRINTING INK},0.04,0.06,0.61,1.45,15
393,{PRINTING INK},{POLYETHYLENE GLYCOL},0.03,0.82,0.04,1.25,14
394,{POLYETHYLENE GLYCOL},{PRINTING INK},0.03,0.05,0.66,1.25,14
395,{PRINTING INK},{MICROCRYSTALLINE CELLULOSE},0.03,0.71,0.04,0.91,12
396,{MICROCRYSTALLINE CELLULOSE},{PRINTING INK},0.03,0.04,0.78,0.91,12
397,{PRINTING INK},{MAGNESIUM STEARATE},0.04,0.88,0.04,1.02,15
398,{MAGNESIUM STEARATE},{PRINTING INK},0.04,0.04,0.86,1.02,15
399,{PRINTING INK},{TITANIUM DIOXIDE},0.04,0.94,0.04,1.12,16
400,{TITANIUM DIOXIDE},{PRINTING INK},0.04,0.05,0.84,1.12,16
401,{LOW SUBSTITUTED HYDROXYPROPYL CELLULOSE},{GLYCEROL TRIACETATE},0.01,0.21,0.06,1.36,5
402,{GLYCEROL TRIACETATE},{LOW SUBSTITUTED HYDROXYPROPYL CELLULOSE},0.01,0.08,0.15,1.36,5
403,{LOW SUBSTITUTED HYDROXYPROPYL CELLULOSE},{MANNITOL},0.02,0.42,0.06,2.38,10
404,{MANNITOL},{LOW SUBSTITUTED HYDROXYPROPYL CELLULOSE},0.02,0.14,0.18,2.38,10
405,{LOW SUBSTITUTED HYDROXYPROPYL CELLULOSE},{HYDROXYPROPYLCELLULOSE},0.02,0.42,0.06,1.95,10
406,{HYDROXYPROPYLCELLULOSE},{LOW SUBSTITUTED HYDROXYPROPYL CELLULOSE},0.02,0.11,0.21,1.95,10
407,{LOW SUBSTITUTED HYDROXYPROPYL CELLULOSE},{CROSPOVIDONE},0.01,0.21,0.06,0.92,5
408,{CROSPOVIDONE},{LOW SUBSTITUTED HYDROXYPROPYL CELLULOSE},0.01,0.05,0.23,0.92,5
409,{LOW SUBSTITUTED HYDROXYPROPYL CELLULOSE},{POLYVINYL ALCOHOL},0.02,0.29,0.06,1.15,7
410,{POLYVINYL ALCOHOL},{LOW SUBSTITUTED HYDROXYPROPYL CELLULOSE},0.02,0.07,0.25,1.15,7
411,{LOW SUBSTITUTED HYDROXYPROPYL CELLULOSE},"{SILICON DIOXIDE, ANHYDROUS}",0.02,0.38,0.06,0.86,9
412,"{SILICON DIOXIDE, ANHYDROUS}",{LOW SUBSTITUTED HYDROXYPROPYL CELLULOSE},0.02,0.05,0.44,0.86,9
413,{LOW SUBSTITUTED HYDROXYPROPYL CELLULOSE},{LACTOSE MONOHYDRATE},0.03,0.46,0.06,1.01,11
414,{LACTOSE MONOHYDRATE},{LOW SUBSTITUTED HYDROXYPROPYL CELLULOSE},0.03,0.06,0.45,1.01,11
415,{LOW SUBSTITUTED HYDROXYPROPYL CELLULOSE},{TALC},0.04,0.62,0.06,1.17,15
416,{TALC},{LOW SUBSTITUTED HYDROXYPROPYL CELLULOSE},0.04,0.07,0.53,1.17,15
417,{LOW SUBSTITUTED HYDROXYPROPYL CELLULOSE},{HYPROMELLOSE},0.03,0.58,0.06,1.05,14
418,{HYPROMELLOSE},{LOW SUBSTITUTED HYDROXYPROPYL CELLULOSE},0.03,0.06,0.56,1.05,14
419,{LOW SUBSTITUTED HYDROXYPROPYL CELLULOSE},{IRON OXIDE},0.04,0.71,0.06,1.16,17
420,{IRON OXIDE},{LOW SUBSTITUTED HYDROXYPROPYL CELLULOSE},0.04,0.07,0.61,1.16,17
421,{LOW SUBSTITUTED HYDROXYPROPYL CELLULOSE},{POLYETHYLENE GLYCOL},0.04,0.62,0.06,0.95,15
422,{POLYETHYLENE GLYCOL},{LOW SUBSTITUTED HYDROXYPROPYL CELLULOSE},0.04,0.06,0.66,0.95,15
423,{LOW SUBSTITUTED HYDROXYPROPYL CELLULOSE},{MICROCRYSTALLINE CELLULOSE},0.04,0.75,0.06,0.96,18
424,{MICROCRYSTALLINE CELLULOSE},{LOW SUBSTITUTED HYDROXYPROPYL CELLULOSE},0.04,0.06,0.78,0.96,18
425,{LOW SUBSTITUTED HYDROXYPROPYL CELLULOSE},{MAGNESIUM STEARATE},0.04,0.62,0.06,0.72,15
426,{MAGNESIUM STEARATE},{LOW SUBSTITUTED HYDROXYPROPYL CELLULOSE},0.04,0.04,0.86,0.72,15
427,{LOW SUBSTITUTED HYDROXYPROPYL CELLULOSE},{TITANIUM DIOXIDE},0.06,0.96,0.06,1.14,23
428,{TITANIUM DIOXIDE},{LOW SUBSTITUTED HYDROXYPROPYL CELLULOSE},0.06,0.07,0.84,1.14,23
429,{CALCIUM HYDROGEN PHOSPHATE},{SODIUM STEARYL FUMARATE},0.01,0.21,0.07,2.52,6
430,{SODIUM STEARYL FUMARATE},{CALCIUM HYDROGEN PHOSPHATE},0.01,0.17,0.09,2.52,6
431,{CALCIUM HYDROGEN PHOSPHATE},{GLYCEROL TRIACETATE},0.01,0.21,0.07,1.4,6
432,{GLYCEROL TRIACETATE},{CALCIUM HYDROGEN PHOSPHATE},0.01,0.1,0.15,1.4,6
433,{CALCIUM HYDROGEN PHOSPHATE},{POLYVINYL ALCOHOL},0.02,0.29,0.07,1.13,8
434,{POLYVINYL ALCOHOL},{CALCIUM HYDROGEN PHOSPHATE},0.02,0.08,0.25,1.13,8
435,{CALCIUM HYDROGEN PHOSPHATE},{POVIDONE},0.02,0.29,0.07,0.95,8
436,{POVIDONE},{CALCIUM HYDROGEN PHOSPHATE},0.02,0.07,0.3,0.95,8
437,{CALCIUM HYDROGEN PHOSPHATE},{CROSCARMELLOSE SODIUM},0.04,0.57,0.07,1.29,16
438,{CROSCARMELLOSE SODIUM},{CALCIUM HYDROGEN PHOSPHATE},0.04,0.09,0.44,1.29,16
439,{CALCIUM HYDROGEN PHOSPHATE},"{SILICON DIOXIDE, ANHYDROUS}",0.01,0.21,0.07,0.49,6
440,"{SILICON DIOXIDE, ANHYDROUS}",{CALCIUM HYDROGEN PHOSPHATE},0.01,0.03,0.44,0.49,6
441,{CALCIUM HYDROGEN PHOSPHATE},{LACTOSE MONOHYDRATE},0.01,0.18,0.07,0.39,5
442,{LACTOSE MONOHYDRATE},{CALCIUM HYDROGEN PHOSPHATE},0.01,0.03,0.45,0.39,5
443,{CALCIUM HYDROGEN PHOSPHATE},{TALC},0.04,0.57,0.07,1.07,16
444,{TALC},{CALCIUM HYDROGEN PHOSPHATE},0.04,0.07,0.53,1.07,16
445,{CALCIUM HYDROGEN PHOSPHATE},{HYPROMELLOSE},0.03,0.5,0.07,0.9,14
446,{HYPROMELLOSE},{CALCIUM HYDROGEN PHOSPHATE},0.03,0.06,0.56,0.9,14
447,{CALCIUM HYDROGEN PHOSPHATE},{IRON OXIDE},0.05,0.68,0.07,1.12,19
448,{IRON OXIDE},{CALCIUM HYDROGEN PHOSPHATE},0.05,0.08,0.61,1.12,19
449,{CALCIUM HYDROGEN PHOSPHATE},{POLYETHYLENE GLYCOL},0.04,0.64,0.07,0.98,18
450,{POLYETHYLENE GLYCOL},{CALCIUM HYDROGEN PHOSPHATE},0.04,0.07,0.66,0.98,18
451,{CALCIUM HYDROGEN PHOSPHATE},{MICROCRYSTALLINE CELLULOSE},0.05,0.71,0.07,0.92,20
452,{MICROCRYSTALLINE CELLULOSE},{CALCIUM HYDROGEN PHOSPHATE},0.05,0.06,0.78,0.92,20
453,{CALCIUM HYDROGEN PHOSPHATE},{MAGNESIUM STEARATE},0.06,0.89,0.07,1.03,25
454,{MAGNESIUM STEARATE},{CALCIUM HYDROGEN PHOSPHATE},0.06,0.07,0.86,1.03,25
455,{CALCIUM HYDROGEN PHOSPHATE},{TITANIUM DIOXIDE},0.06,0.86,0.07,1.02,24
456,{TITANIUM DIOXIDE},{CALCIUM HYDROGEN PHOSPHATE},0.06,0.07,0.84,1.02,24
457,{LACTOSE},{POLYSORBATE},0.01,0.17,0.07,1.96,5
458,{POLYSORBATE},{LACTOSE},0.01,0.14,0.09,1.96,5
459,{LACTOSE},{PREGELATINISED STARCH},0.01,0.17,0.07,1.59,5
460,{PREGELATINISED STARCH},{LACTOSE},0.01,0.12,0.1,1.59,5
461,{LACTOSE},{GLYCEROL TRIACETATE},0.02,0.27,0.07,1.74,8
462,{GLYCEROL TRIACETATE},{LACTOSE},0.02,0.13,0.15,1.74,8
463,{LACTOSE},{INDIGO CARMINE},0.01,0.17,0.07,1.07,5
464,{INDIGO CARMINE},{LACTOSE},0.01,0.08,0.16,1.07,5
465,{LACTOSE},{HYDROXYPROPYLCELLULOSE},0.01,0.2,0.07,0.93,6
466,{HYDROXYPROPYLCELLULOSE},{LACTOSE},0.01,0.07,0.21,0.93,6
467,{LACTOSE},{CROSPOVIDONE},0.02,0.23,0.07,1.03,7
468,{CROSPOVIDONE},{LACTOSE},0.02,0.08,0.23,1.03,7
469,{LACTOSE},{POLYVINYL ALCOHOL},0.02,0.27,0.07,1.05,8
470,{POLYVINYL ALCOHOL},{LACTOSE},0.02,0.08,0.25,1.05,8
471,{LACTOSE},{POVIDONE},0.01,0.17,0.07,0.56,5
472,{POVIDONE},{LACTOSE},0.01,0.04,0.3,0.56,5
473,{LACTOSE},{CROSCARMELLOSE SODIUM},0.04,0.6,0.07,1.35,18
474,{CROSCARMELLOSE SODIUM},{LACTOSE},0.04,0.1,0.44,1.35,18
475,{LACTOSE},"{SILICON DIOXIDE, ANHYDROUS}",0.03,0.47,0.07,1.07,14
476,"{SILICON DIOXIDE, ANHYDROUS}",{LACTOSE},0.03,0.08,0.44,1.07,14
477,{LACTOSE},{LACTOSE MONOHYDRATE},0.02,0.33,0.07,0.74,10
478,{LACTOSE MONOHYDRATE},{LACTOSE},0.02,0.05,0.45,0.74,10
479,{LACTOSE},{TALC},0.04,0.5,0.07,0.94,15
480,{TALC},{LACTOSE},0.04,0.07,0.53,0.94,15
481,{LACTOSE},{HYPROMELLOSE},0.04,0.6,0.07,1.08,18
482,{HYPROMELLOSE},{LACTOSE},0.04,0.08,0.56,1.08,18
483,{LACTOSE},{IRON OXIDE},0.04,0.6,0.07,0.99,18
484,{IRON OXIDE},{LACTOSE},0.04,0.07,0.61,0.99,18
485,{LACTOSE},{POLYETHYLENE GLYCOL},0.04,0.6,0.07,0.91,18
486,{POLYETHYLENE GLYCOL},{LACTOSE},0.04,0.07,0.66,0.91,18
487,{LACTOSE},{MICROCRYSTALLINE CELLULOSE},0.06,0.77,0.07,0.98,23
488,{MICROCRYSTALLINE CELLULOSE},{LACTOSE},0.06,0.07,0.78,0.98,23
489,{LACTOSE},{MAGNESIUM STEARATE},0.07,0.9,0.07,1.04,27
490,{MAGNESIUM STEARATE},{LACTOSE},0.07,0.08,0.86,1.04,27
491,{LACTOSE},{TITANIUM DIOXIDE},0.07,0.9,0.07,1.07,27
492,{TITANIUM DIOXIDE},{LACTOSE},0.07,0.08,0.84,1.07,27
493,{POLYVINYL ALCOHOL PART. HYDROLISED},{SODIUM STARCH GLYCOLATE},0.02,0.27,0.07,1.66,8
494,{SODIUM STARCH GLYCOLATE},{POLYVINYL ALCOHOL PART. HYDROLISED},0.02,0.12,0.16,1.66,8
495,{POLYVINYL ALCOHOL PART. HYDROLISED},{SODIUM LAURIL SULFATE},0.01,0.17,0.07,1.18,5
496,{SODIUM LAURIL SULFATE},{POLYVINYL ALCOHOL PART. HYDROLISED},0.01,0.09,0.14,1.18,5
497,{POLYVINYL ALCOHOL PART. HYDROLISED},{MANNITOL},0.01,0.17,0.07,0.95,5
498,{MANNITOL},{POLYVINYL ALCOHOL PART. HYDROLISED},0.01,0.07,0.18,0.95,5
499,{POLYVINYL ALCOHOL PART. HYDROLISED},{INDIGO CARMINE},0.02,0.23,0.07,1.5,7
500,{INDIGO CARMINE},{POLYVINYL ALCOHOL PART. HYDROLISED},0.02,0.11,0.16,1.5,7
501,{POLYVINYL ALCOHOL PART. HYDROLISED},{CROSPOVIDONE},0.02,0.23,0.07,1.03,7
502,{CROSPOVIDONE},{POLYVINYL ALCOHOL PART. HYDROLISED},0.02,0.08,0.23,1.03,7
503,{POLYVINYL ALCOHOL PART. HYDROLISED},{POVIDONE},0.03,0.37,0.07,1.23,11
504,{POVIDONE},{POLYVINYL ALCOHOL PART. HYDROLISED},0.03,0.09,0.3,1.23,11
505,{POLYVINYL ALCOHOL PART. HYDROLISED},{CROSCARMELLOSE SODIUM},0.04,0.57,0.07,1.28,17
506,{CROSCARMELLOSE SODIUM},{POLYVINYL ALCOHOL PART. HYDROLISED},0.04,0.09,0.44,1.28,17
507,{POLYVINYL ALCOHOL PART. HYDROLISED},"{SILICON DIOXIDE, ANHYDROUS}",0.04,0.6,0.07,1.37,18
508,"{SILICON DIOXIDE, ANHYDROUS}",{POLYVINYL ALCOHOL PART. HYDROLISED},0.04,0.1,0.44,1.37,18
509,{POLYVINYL ALCOHOL PART. HYDROLISED},{LACTOSE MONOHYDRATE},0.02,0.3,0.07,0.66,9
510,{LACTOSE MONOHYDRATE},{POLYVINYL ALCOHOL PART. HYDROLISED},0.02,0.05,0.45,0.66,9
511,{POLYVINYL ALCOHOL PART. HYDROLISED},{TALC},0.07,1.0,0.07,1.88,30
512,{TALC},{POLYVINYL ALCOHOL PART. HYDROLISED},0.07,0.14,0.53,1.88,30
513,{POLYVINYL ALCOHOL PART. HYDROLISED},{IRON OXIDE},0.05,0.67,0.07,1.1,20
514,{IRON OXIDE},{POLYVINYL ALCOHOL PART. HYDROLISED},0.05,0.08,0.61,1.1,20
515,{POLYVINYL ALCOHOL PART. HYDROLISED},{POLYETHYLENE GLYCOL},0.07,0.9,0.07,1.37,27
516,{POLYETHYLENE GLYCOL},{POLYVINYL ALCOHOL PART. HYDROLISED},0.07,0.1,0.66,1.37,27
517,{POLYVINYL ALCOHOL PART. HYDROLISED},{MICROCRYSTALLINE CELLULOSE},0.06,0.83,0.07,1.07,25
518,{MICROCRYSTALLINE CELLULOSE},{POLYVINYL ALCOHOL PART. HYDROLISED},0.06,0.08,0.78,1.07,25
519,{POLYVINYL ALCOHOL PART. HYDROLISED},{MAGNESIUM STEARATE},0.06,0.87,0.07,1.0,26
520,{MAGNESIUM STEARATE},{POLYVINYL ALCOHOL PART. HYDROLISED},0.06,0.07,0.86,1.0,26
521,{POLYVINYL ALCOHOL PART. HYDROLISED},{TITANIUM DIOXIDE},0.07,1.0,0.07,1.19,30
522,{TITANIUM DIOXIDE},{POLYVINYL ALCOHOL PART. HYDROLISED},0.07,0.09,0.84,1.19,30
523,{CARNAUBA WAX},{MAIZE STARCH},0.01,0.18,0.07,1.6,5
524,{MAIZE STARCH},{CARNAUBA WAX},0.01,0.11,0.11,1.6,5
525,{CARNAUBA WAX},{PREGELATINISED STARCH},0.01,0.21,0.07,2.05,6
526,{PREGELATINISED STARCH},{CARNAUBA WAX},0.01,0.14,0.1,2.05,6
527,{CARNAUBA WAX},{GLYCEROL TRIACETATE},0.02,0.32,0.07,2.1,9
528,{GLYCEROL TRIACETATE},{CARNAUBA WAX},0.02,0.14,0.15,2.1,9
529,{CARNAUBA WAX},{SODIUM LAURIL SULFATE},0.01,0.21,0.07,1.52,6
530,{SODIUM LAURIL SULFATE},{CARNAUBA WAX},0.01,0.1,0.14,1.52,6
531,{CARNAUBA WAX},{MANNITOL},0.02,0.32,0.07,1.83,9
532,{MANNITOL},{CARNAUBA WAX},0.02,0.12,0.18,1.83,9
533,{CARNAUBA WAX},{INDIGO CARMINE},0.02,0.25,0.07,1.61,7
534,{INDIGO CARMINE},{CARNAUBA WAX},0.02,0.11,0.16,1.61,7
535,{CARNAUBA WAX},{HYDROXYPROPYLCELLULOSE},0.02,0.29,0.07,1.33,8
536,{HYDROXYPROPYLCELLULOSE},{CARNAUBA WAX},0.02,0.09,0.21,1.33,8
537,{CARNAUBA WAX},{CROSPOVIDONE},0.02,0.29,0.07,1.26,8
538,{CROSPOVIDONE},{CARNAUBA WAX},0.02,0.09,0.23,1.26,8
539,{CARNAUBA WAX},{POVIDONE},0.02,0.25,0.07,0.84,7
540,{POVIDONE},{CARNAUBA WAX},0.02,0.06,0.3,0.84,7
541,{CARNAUBA WAX},{CROSCARMELLOSE SODIUM},0.03,0.43,0.07,0.97,12
542,{CROSCARMELLOSE SODIUM},{CARNAUBA WAX},0.03,0.07,0.44,0.97,12
543,{CARNAUBA WAX},"{SILICON DIOXIDE, ANHYDROUS}",0.03,0.43,0.07,0.98,12
544,"{SILICON DIOXIDE, ANHYDROUS}",{CARNAUBA WAX},0.03,0.07,0.44,0.98,12
545,{CARNAUBA WAX},{LACTOSE MONOHYDRATE},0.05,0.68,0.07,1.5,19
546,{LACTOSE MONOHYDRATE},{CARNAUBA WAX},0.05,0.1,0.45,1.5,19
547,{CARNAUBA WAX},{TALC},0.01,0.18,0.07,0.34,5
548,{TALC},{CARNAUBA WAX},0.01,0.02,0.53,0.34,5
549,{CARNAUBA WAX},{HYPROMELLOSE},0.06,0.89,0.07,1.6,25
550,{HYPROMELLOSE},{CARNAUBA WAX},0.06,0.11,0.56,1.6,25
551,{CARNAUBA WAX},{IRON OXIDE},0.05,0.75,0.07,1.23,21
552,{IRON OXIDE},{CARNAUBA WAX},0.05,0.08,0.61,1.23,21
553,{CARNAUBA WAX},{POLYETHYLENE GLYCOL},0.04,0.64,0.07,0.98,18
554,{POLYETHYLENE GLYCOL},{CARNAUBA WAX},0.04,0.07,0.66,0.98,18
555,{CARNAUBA WAX},{MICROCRYSTALLINE CELLULOSE},0.05,0.75,0.07,0.96,21
556,{MICROCRYSTALLINE CELLULOSE},{CARNAUBA WAX},0.05,0.07,0.78,0.96,21
557,{CARNAUBA WAX},{MAGNESIUM STEARATE},0.06,0.86,0.07,0.99,24
558,{MAGNESIUM STEARATE},{CARNAUBA WAX},0.06,0.07,0.86,0.99,24
559,{CARNAUBA WAX},{TITANIUM DIOXIDE},0.06,0.93,0.07,1.1,26
560,{TITANIUM DIOXIDE},{CARNAUBA WAX},0.06,0.08,0.84,1.1,26
561,{SODIUM STEARYL FUMARATE},{POLYSORBATE},0.02,0.2,0.09,2.35,7
562,{POLYSORBATE},{SODIUM STEARYL FUMARATE},0.02,0.2,0.09,2.35,7
563,{SODIUM STEARYL FUMARATE},{SODIUM STARCH GLYCOLATE},0.01,0.14,0.09,0.89,5
564,{SODIUM STARCH GLYCOLATE},{SODIUM STEARYL FUMARATE},0.01,0.08,0.16,0.89,5
565,{SODIUM STEARYL FUMARATE},{MANNITOL},0.03,0.34,0.09,1.96,12
566,{MANNITOL},{SODIUM STEARYL FUMARATE},0.03,0.17,0.18,1.96,12
567,{SODIUM STEARYL FUMARATE},{HYDROXYPROPYLCELLULOSE},0.02,0.2,0.09,0.93,7
568,{HYDROXYPROPYLCELLULOSE},{SODIUM STEARYL FUMARATE},0.02,0.08,0.21,0.93,7
569,{SODIUM STEARYL FUMARATE},{POLYVINYL ALCOHOL},0.02,0.29,0.09,1.13,10
570,{POLYVINYL ALCOHOL},{SODIUM STEARYL FUMARATE},0.02,0.1,0.25,1.13,10
571,{SODIUM STEARYL FUMARATE},{POVIDONE},0.02,0.29,0.09,0.95,10
572,{POVIDONE},{SODIUM STEARYL FUMARATE},0.02,0.08,0.3,0.95,10
573,{SODIUM STEARYL FUMARATE},{CROSCARMELLOSE SODIUM},0.04,0.46,0.09,1.03,16
574,{CROSCARMELLOSE SODIUM},{SODIUM STEARYL FUMARATE},0.04,0.09,0.44,1.03,16
575,{SODIUM STEARYL FUMARATE},"{SILICON DIOXIDE, ANHYDROUS}",0.04,0.51,0.09,1.17,18
576,"{SILICON DIOXIDE, ANHYDROUS}",{SODIUM STEARYL FUMARATE},0.04,0.1,0.44,1.17,18
577,{SODIUM STEARYL FUMARATE},{LACTOSE MONOHYDRATE},0.02,0.26,0.09,0.57,9
578,{LACTOSE MONOHYDRATE},{SODIUM STEARYL FUMARATE},0.02,0.05,0.45,0.57,9
579,{SODIUM STEARYL FUMARATE},{TALC},0.05,0.54,0.09,1.02,19
580,{TALC},{SODIUM STEARYL FUMARATE},0.05,0.09,0.53,1.02,19
581,{SODIUM STEARYL FUMARATE},{HYPROMELLOSE},0.04,0.51,0.09,0.92,18
582,{HYPROMELLOSE},{SODIUM STEARYL FUMARATE},0.04,0.08,0.56,0.92,18
583,{SODIUM STEARYL FUMARATE},{IRON OXIDE},0.06,0.74,0.09,1.22,26
584,{IRON OXIDE},{SODIUM STEARYL FUMARATE},0.06,0.1,0.61,1.22,26
585,{SODIUM STEARYL FUMARATE},{POLYETHYLENE GLYCOL},0.06,0.69,0.09,1.04,24
586,{POLYETHYLENE GLYCOL},{SODIUM STEARYL FUMARATE},0.06,0.09,0.66,1.04,24
587,{SODIUM STEARYL FUMARATE},{MICROCRYSTALLINE CELLULOSE},0.06,0.71,0.09,0.92,25
588,{MICROCRYSTALLINE CELLULOSE},{SODIUM STEARYL FUMARATE},0.06,0.08,0.78,0.92,25
589,{SODIUM STEARYL FUMARATE},{MAGNESIUM STEARATE},0.02,0.29,0.09,0.33,10
590,{MAGNESIUM STEARATE},{SODIUM STEARYL FUMARATE},0.02,0.03,0.86,0.33,10
591,{SODIUM STEARYL FUMARATE},{TITANIUM DIOXIDE},0.08,0.89,0.09,1.05,31
592,{TITANIUM DIOXIDE},{SODIUM STEARYL FUMARATE},0.08,0.09,0.84,1.05,31
593,{POLYSORBATE},{SODIUM STARCH GLYCOLATE},0.02,0.26,0.09,1.6,9
594,{SODIUM STARCH GLYCOLATE},{POLYSORBATE},0.02,0.14,0.16,1.6,9
595,{POLYSORBATE},{INDIGO CARMINE},0.01,0.17,0.09,1.1,6
596,{INDIGO CARMINE},{POLYSORBATE},0.01,0.09,0.16,1.1,6
597,{POLYSORBATE},{HYDROXYPROPYLCELLULOSE},0.01,0.17,0.09,0.8,6
598,{HYDROXYPROPYLCELLULOSE},{POLYSORBATE},0.01,0.07,0.21,0.8,6
599,{POLYSORBATE},{CROSPOVIDONE},0.02,0.2,0.09,0.88,7
600,{CROSPOVIDONE},{POLYSORBATE},0.02,0.08,0.23,0.88,7
601,{POLYSORBATE},{POLYVINYL ALCOHOL},0.01,0.17,0.09,0.68,6
602,{POLYVINYL ALCOHOL},{POLYSORBATE},0.01,0.06,0.25,0.68,6
603,{POLYSORBATE},{POVIDONE},0.04,0.43,0.09,1.43,15
604,{POVIDONE},{POLYSORBATE},0.04,0.12,0.3,1.43,15
605,{POLYSORBATE},{CROSCARMELLOSE SODIUM},0.03,0.34,0.09,0.77,12
606,{CROSCARMELLOSE SODIUM},{POLYSORBATE},0.03,0.07,0.44,0.77,12
607,{POLYSORBATE},"{SILICON DIOXIDE, ANHYDROUS}",0.04,0.51,0.09,1.17,18
608,"{SILICON DIOXIDE, ANHYDROUS}",{POLYSORBATE},0.04,0.1,0.44,1.17,18
609,{POLYSORBATE},{LACTOSE MONOHYDRATE},0.04,0.46,0.09,1.01,16
610,{LACTOSE MONOHYDRATE},{POLYSORBATE},0.04,0.09,0.45,1.01,16
611,{POLYSORBATE},{TALC},0.04,0.43,0.09,0.8,15
612,{TALC},{POLYSORBATE},0.04,0.07,0.53,0.8,15
613,{POLYSORBATE},{HYPROMELLOSE},0.06,0.71,0.09,1.28,25
614,{HYPROMELLOSE},{POLYSORBATE},0.06,0.11,0.56,1.28,25
615,{POLYSORBATE},{IRON OXIDE},0.04,0.46,0.09,0.75,16
616,{IRON OXIDE},{POLYSORBATE},0.04,0.06,0.61,0.75,16
617,{POLYSORBATE},{POLYETHYLENE GLYCOL},0.07,0.77,0.09,1.17,27
618,{POLYETHYLENE GLYCOL},{POLYSORBATE},0.07,0.1,0.66,1.17,27
619,{POLYSORBATE},{MICROCRYSTALLINE CELLULOSE},0.06,0.69,0.09,0.88,24
620,{MICROCRYSTALLINE CELLULOSE},{POLYSORBATE},0.06,0.08,0.78,0.88,24
621,{POLYSORBATE},{MAGNESIUM STEARATE},0.07,0.8,0.09,0.93,28
622,{MAGNESIUM STEARATE},{POLYSORBATE},0.07,0.08,0.86,0.93,28
623,{POLYSORBATE},{TITANIUM DIOXIDE},0.08,0.91,0.09,1.09,32
624,{TITANIUM DIOXIDE},{POLYSORBATE},0.08,0.09,0.84,1.09,32
625,{MAIZE STARCH},{PREGELATINISED STARCH},0.02,0.17,0.11,1.66,8
626,{PREGELATINISED STARCH},{MAIZE STARCH},0.02,0.19,0.1,1.66,8
627,{MAIZE STARCH},{SODIUM STARCH GLYCOLATE},0.02,0.2,0.11,1.22,9
628,{SODIUM STARCH GLYCOLATE},{MAIZE STARCH},0.02,0.14,0.16,1.22,9
629,{MAIZE STARCH},{MANNITOL},0.02,0.17,0.11,0.99,8
630,{MANNITOL},{MAIZE STARCH},0.02,0.11,0.18,0.99,8
631,{MAIZE STARCH},{INDIGO CARMINE},0.02,0.22,0.11,1.4,10
632,{INDIGO CARMINE},{MAIZE STARCH},0.02,0.16,0.16,1.4,10
633,{MAIZE STARCH},{HYDROXYPROPYLCELLULOSE},0.03,0.26,0.11,1.22,12
634,{HYDROXYPROPYLCELLULOSE},{MAIZE STARCH},0.03,0.14,0.21,1.22,12
635,{MAIZE STARCH},{CROSPOVIDONE},0.01,0.11,0.11,0.48,5
636,{CROSPOVIDONE},{MAIZE STARCH},0.01,0.05,0.23,0.48,5
637,{MAIZE STARCH},{POVIDONE},0.05,0.41,0.11,1.38,19
638,{POVIDONE},{MAIZE STARCH},0.05,0.15,0.3,1.38,19
639,{MAIZE STARCH},{CROSCARMELLOSE SODIUM},0.02,0.15,0.11,0.34,7
640,{CROSCARMELLOSE SODIUM},{MAIZE STARCH},0.02,0.04,0.44,0.34,7
641,{MAIZE STARCH},"{SILICON DIOXIDE, ANHYDROUS}",0.05,0.41,0.11,0.94,19
642,"{SILICON DIOXIDE, ANHYDROUS}",{MAIZE STARCH},0.05,0.11,0.44,0.94,19
643,{MAIZE STARCH},{LACTOSE MONOHYDRATE},0.07,0.65,0.11,1.44,30
644,{LACTOSE MONOHYDRATE},{MAIZE STARCH},0.07,0.16,0.45,1.44,30
645,{MAIZE STARCH},{TALC},0.04,0.39,0.11,0.73,18
646,{TALC},{MAIZE STARCH},0.04,0.08,0.53,0.73,18
647,{MAIZE STARCH},{HYPROMELLOSE},0.07,0.63,0.11,1.13,29
648,{HYPROMELLOSE},{MAIZE STARCH},0.07,0.13,0.56,1.13,29
649,{MAIZE STARCH},{IRON OXIDE},0.06,0.52,0.11,0.86,24
650,{IRON OXIDE},{MAIZE STARCH},0.06,0.1,0.61,0.86,24
651,{MAIZE STARCH},{POLYETHYLENE GLYCOL},0.05,0.48,0.11,0.73,22
652,{POLYETHYLENE GLYCOL},{MAIZE STARCH},0.05,0.08,0.66,0.73,22
653,{MAIZE STARCH},{MICROCRYSTALLINE CELLULOSE},0.06,0.54,0.11,0.7,25
654,{MICROCRYSTALLINE CELLULOSE},{MAIZE STARCH},0.06,0.08,0.78,0.7,25
655,{MAIZE STARCH},{MAGNESIUM STEARATE},0.09,0.85,0.11,0.98,39
656,{MAGNESIUM STEARATE},{MAIZE STARCH},0.09,0.11,0.86,0.98,39
657,{MAIZE STARCH},{TITANIUM DIOXIDE},0.07,0.65,0.11,0.77,30
658,{TITANIUM DIOXIDE},{MAIZE STARCH},0.07,0.09,0.84,0.77,30
659,{PREGELATINISED STARCH},{GLYCEROL TRIACETATE},0.02,0.21,0.1,1.37,9
660,{GLYCEROL TRIACETATE},{PREGELATINISED STARCH},0.02,0.14,0.15,1.37,9
661,{PREGELATINISED STARCH},{MANNITOL},0.02,0.16,0.1,0.93,7
662,{MANNITOL},{PREGELATINISED STARCH},0.02,0.1,0.18,0.93,7
663,{PREGELATINISED STARCH},{INDIGO CARMINE},0.03,0.28,0.1,1.79,12
664,{INDIGO CARMINE},{PREGELATINISED STARCH},0.03,0.19,0.16,1.79,12
665,{PREGELATINISED STARCH},{CROSPOVIDONE},0.02,0.19,0.1,0.82,8
666,{CROSPOVIDONE},{PREGELATINISED STARCH},0.02,0.09,0.23,0.82,8
667,{PREGELATINISED STARCH},{POLYVINYL ALCOHOL},0.02,0.16,0.1,0.64,7
668,{POLYVINYL ALCOHOL},{PREGELATINISED STARCH},0.02,0.07,0.25,0.64,7
669,{PREGELATINISED STARCH},{POVIDONE},0.03,0.33,0.1,1.09,14
670,{POVIDONE},{PREGELATINISED STARCH},0.03,0.11,0.3,1.09,14
671,{PREGELATINISED STARCH},{CROSCARMELLOSE SODIUM},0.04,0.37,0.1,0.84,16
672,{CROSCARMELLOSE SODIUM},{PREGELATINISED STARCH},0.04,0.09,0.44,0.84,16
673,{PREGELATINISED STARCH},"{SILICON DIOXIDE, ANHYDROUS}",0.05,0.44,0.1,1.01,19
674,"{SILICON DIOXIDE, ANHYDROUS}",{PREGELATINISED STARCH},0.05,0.11,0.44,1.01,19
675,{PREGELATINISED STARCH},{LACTOSE MONOHYDRATE},0.05,0.47,0.1,1.03,20
676,{LACTOSE MONOHYDRATE},{PREGELATINISED STARCH},0.05,0.11,0.45,1.03,20
677,{PREGELATINISED STARCH},{TALC},0.05,0.49,0.1,0.92,21
678,{TALC},{PREGELATINISED STARCH},0.05,0.1,0.53,0.92,21
679,{PREGELATINISED STARCH},{HYPROMELLOSE},0.07,0.63,0.1,1.13,27
680,{HYPROMELLOSE},{PREGELATINISED STARCH},0.07,0.12,0.56,1.13,27
681,{PREGELATINISED STARCH},{IRON OXIDE},0.05,0.49,0.1,0.8,21
682,{IRON OXIDE},{PREGELATINISED STARCH},0.05,0.08,0.61,0.8,21
683,{PREGELATINISED STARCH},{POLYETHYLENE GLYCOL},0.06,0.6,0.1,0.92,26
684,{POLYETHYLENE GLYCOL},{PREGELATINISED STARCH},0.06,0.1,0.66,0.92,26
685,{PREGELATINISED STARCH},{MICROCRYSTALLINE CELLULOSE},0.06,0.6,0.1,0.78,26
686,{MICROCRYSTALLINE CELLULOSE},{PREGELATINISED STARCH},0.06,0.08,0.78,0.78,26
687,{PREGELATINISED STARCH},{MAGNESIUM STEARATE},0.08,0.79,0.1,0.92,34
688,{MAGNESIUM STEARATE},{PREGELATINISED STARCH},0.08,0.1,0.86,0.92,34
689,{PREGELATINISED STARCH},{TITANIUM DIOXIDE},0.09,0.81,0.1,0.97,35
690,{TITANIUM DIOXIDE},{PREGELATINISED STARCH},0.09,0.1,0.84,0.97,35
691,{SODIUM STARCH GLYCOLATE},{GLYCEROL TRIACETATE},0.02,0.14,0.16,0.89,9
692,{GLYCEROL TRIACETATE},{SODIUM STARCH GLYCOLATE},0.02,0.14,0.15,0.89,9
693,{SODIUM STARCH GLYCOLATE},{SODIUM LAURIL SULFATE},0.01,0.08,0.16,0.54,5
694,{SODIUM LAURIL SULFATE},{SODIUM STARCH GLYCOLATE},0.01,0.09,0.14,0.54,5
695,{SODIUM STARCH GLYCOLATE},{MANNITOL},0.04,0.24,0.16,1.38,16
696,{MANNITOL},{SODIUM STARCH GLYCOLATE},0.04,0.22,0.18,1.38,16
697,{SODIUM STARCH GLYCOLATE},{INDIGO CARMINE},0.02,0.11,0.16,0.68,7
698,{INDIGO CARMINE},{SODIUM STARCH GLYCOLATE},0.02,0.11,0.16,0.68,7
699,{SODIUM STARCH GLYCOLATE},{HYDROXYPROPYLCELLULOSE},0.04,0.26,0.16,1.2,17
700,{HYDROXYPROPYLCELLULOSE},{SODIUM STARCH GLYCOLATE},0.04,0.19,0.21,1.2,17
701,{SODIUM STARCH GLYCOLATE},{POLYVINYL ALCOHOL},0.03,0.18,0.16,0.72,12
702,{POLYVINYL ALCOHOL},{SODIUM STARCH GLYCOLATE},0.03,0.12,0.25,0.72,12
703,{SODIUM STARCH GLYCOLATE},{POVIDONE},0.07,0.41,0.16,1.37,27
704,{POVIDONE},{SODIUM STARCH GLYCOLATE},0.07,0.22,0.3,1.37,27
705,{SODIUM STARCH GLYCOLATE},"{SILICON DIOXIDE, ANHYDROUS}",0.05,0.3,0.16,0.69,20
706,"{SILICON DIOXIDE, ANHYDROUS}",{SODIUM STARCH GLYCOLATE},0.05,0.11,0.44,0.69,20
707,{SODIUM STARCH GLYCOLATE},{LACTOSE MONOHYDRATE},0.08,0.47,0.16,1.04,31
708,{LACTOSE MONOHYDRATE},{SODIUM STARCH GLYCOLATE},0.08,0.17,0.45,1.04,31
709,{SODIUM STARCH GLYCOLATE},{TALC},0.08,0.47,0.16,0.88,31
710,{TALC},{SODIUM STARCH GLYCOLATE},0.08,0.14,0.53,0.88,31
711,{SODIUM STARCH GLYCOLATE},{HYPROMELLOSE},0.09,0.59,0.16,1.06,39
712,{HYPROMELLOSE},{SODIUM STARCH GLYCOLATE},0.09,0.17,0.56,1.06,39
713,{SODIUM STARCH GLYCOLATE},{IRON OXIDE},0.09,0.55,0.16,0.9,36
714,{IRON OXIDE},{SODIUM STARCH GLYCOLATE},0.09,0.14,0.61,0.9,36
715,{SODIUM STARCH GLYCOLATE},{POLYETHYLENE GLYCOL},0.11,0.7,0.16,1.06,46
716,{POLYETHYLENE GLYCOL},{SODIUM STARCH GLYCOLATE},0.11,0.17,0.66,1.06,46
717,{SODIUM STARCH GLYCOLATE},{MICROCRYSTALLINE CELLULOSE},0.13,0.83,0.16,1.07,55
718,{MICROCRYSTALLINE CELLULOSE},{SODIUM STARCH GLYCOLATE},0.13,0.17,0.78,1.07,55
719,{SODIUM STARCH GLYCOLATE},{MAGNESIUM STEARATE},0.15,0.95,0.16,1.11,63
720,{MAGNESIUM STEARATE},{SODIUM STARCH GLYCOLATE},0.15,0.18,0.86,1.11,63
721,{SODIUM STARCH GLYCOLATE},{TITANIUM DIOXIDE},0.14,0.85,0.16,1.01,56
722,{TITANIUM DIOXIDE},{SODIUM STARCH GLYCOLATE},0.14,0.16,0.84,1.01,56
723,{GLYCEROL TRIACETATE},{SODIUM LAURIL SULFATE},0.02,0.16,0.15,1.12,10
724,{SODIUM LAURIL SULFATE},{GLYCEROL TRIACETATE},0.02,0.17,0.14,1.12,10
725,{GLYCEROL TRIACETATE},{MANNITOL},0.03,0.19,0.15,1.09,12
726,{MANNITOL},{GLYCEROL TRIACETATE},0.03,0.17,0.18,1.09,12
727,{GLYCEROL TRIACETATE},{INDIGO CARMINE},0.03,0.22,0.15,1.43,14
728,{INDIGO CARMINE},{GLYCEROL TRIACETATE},0.03,0.22,0.16,1.43,14
729,{GLYCEROL TRIACETATE},{HYDROXYPROPYLCELLULOSE},0.02,0.16,0.15,0.74,10
730,{HYDROXYPROPYLCELLULOSE},{GLYCEROL TRIACETATE},0.02,0.11,0.21,0.74,10
731,{GLYCEROL TRIACETATE},{CROSPOVIDONE},0.03,0.22,0.15,0.98,14
732,{CROSPOVIDONE},{GLYCEROL TRIACETATE},0.03,0.15,0.23,0.98,14
733,{GLYCEROL TRIACETATE},{POVIDONE},0.04,0.25,0.15,0.85,16
734,{POVIDONE},{GLYCEROL TRIACETATE},0.04,0.13,0.3,0.85,16
735,{GLYCEROL TRIACETATE},{CROSCARMELLOSE SODIUM},0.08,0.54,0.15,1.22,34
736,{CROSCARMELLOSE SODIUM},{GLYCEROL TRIACETATE},0.08,0.19,0.44,1.22,34
737,{GLYCEROL TRIACETATE},"{SILICON DIOXIDE, ANHYDROUS}",0.07,0.48,0.15,1.09,30
738,"{SILICON DIOXIDE, ANHYDROUS}",{GLYCEROL TRIACETATE},0.07,0.17,0.44,1.09,30
739,{GLYCEROL TRIACETATE},{LACTOSE MONOHYDRATE},0.11,0.73,0.15,1.61,46
740,{LACTOSE MONOHYDRATE},{GLYCEROL TRIACETATE},0.11,0.25,0.45,1.61,46
741,{GLYCEROL TRIACETATE},{TALC},0.03,0.19,0.15,0.36,12
742,{TALC},{GLYCEROL TRIACETATE},0.03,0.05,0.53,0.36,12
743,{GLYCEROL TRIACETATE},{HYPROMELLOSE},0.15,0.97,0.15,1.74,61
744,{HYPROMELLOSE},{GLYCEROL TRIACETATE},0.15,0.27,0.56,1.74,61
745,{GLYCEROL TRIACETATE},{IRON OXIDE},0.1,0.67,0.15,1.1,42
746,{IRON OXIDE},{GLYCEROL TRIACETATE},0.1,0.17,0.61,1.1,42
747,{GLYCEROL TRIACETATE},{POLYETHYLENE GLYCOL},0.05,0.3,0.15,0.46,19
748,{POLYETHYLENE GLYCOL},{GLYCEROL TRIACETATE},0.05,0.07,0.66,0.46,19
749,{GLYCEROL TRIACETATE},{MICROCRYSTALLINE CELLULOSE},0.14,0.89,0.15,1.14,56
750,{MICROCRYSTALLINE CELLULOSE},{GLYCEROL TRIACETATE},0.14,0.18,0.78,1.14,56
751,{GLYCEROL TRIACETATE},{MAGNESIUM STEARATE},0.14,0.89,0.15,1.03,56
752,{MAGNESIUM STEARATE},{GLYCEROL TRIACETATE},0.14,0.16,0.86,1.03,56
753,{GLYCEROL TRIACETATE},{TITANIUM DIOXIDE},0.15,0.97,0.15,1.15,61
754,{TITANIUM DIOXIDE},{GLYCEROL TRIACETATE},0.15,0.18,0.84,1.15,61
755,{SODIUM LAURIL SULFATE},{MANNITOL},0.02,0.14,0.14,0.79,8
756,{MANNITOL},{SODIUM LAURIL SULFATE},0.02,0.11,0.18,0.79,8
757,{SODIUM LAURIL SULFATE},{INDIGO CARMINE},0.02,0.16,0.14,1.0,9
758,{INDIGO CARMINE},{SODIUM LAURIL SULFATE},0.02,0.14,0.16,1.0,9
759,{SODIUM LAURIL SULFATE},{HYDROXYPROPYLCELLULOSE},0.05,0.34,0.14,1.61,20
760,{HYDROXYPROPYLCELLULOSE},{SODIUM LAURIL SULFATE},0.05,0.23,0.21,1.61,20
761,{SODIUM LAURIL SULFATE},{CROSPOVIDONE},0.03,0.21,0.14,0.91,12
762,{CROSPOVIDONE},{SODIUM LAURIL SULFATE},0.03,0.13,0.23,0.91,12
763,{SODIUM LAURIL SULFATE},{POLYVINYL ALCOHOL},0.05,0.38,0.14,1.5,22
764,{POLYVINYL ALCOHOL},{SODIUM LAURIL SULFATE},0.05,0.21,0.25,1.5,22
765,{SODIUM LAURIL SULFATE},{POVIDONE},0.04,0.28,0.14,0.92,16
766,{POVIDONE},{SODIUM LAURIL SULFATE},0.04,0.13,0.3,0.92,16
767,{SODIUM LAURIL SULFATE},{CROSCARMELLOSE SODIUM},0.09,0.64,0.14,1.44,37
768,{CROSCARMELLOSE SODIUM},{SODIUM LAURIL SULFATE},0.09,0.2,0.44,1.44,37
769,{SODIUM LAURIL SULFATE},"{SILICON DIOXIDE, ANHYDROUS}",0.07,0.48,0.14,1.1,28
770,"{SILICON DIOXIDE, ANHYDROUS}",{SODIUM LAURIL SULFATE},0.07,0.16,0.44,1.1,28
771,{SODIUM LAURIL SULFATE},{LACTOSE MONOHYDRATE},0.09,0.66,0.14,1.45,38
772,{LACTOSE MONOHYDRATE},{SODIUM LAURIL SULFATE},0.09,0.2,0.45,1.45,38
773,{SODIUM LAURIL SULFATE},{TALC},0.09,0.62,0.14,1.16,36
774,{TALC},{SODIUM LAURIL SULFATE},0.09,0.16,0.53,1.16,36
775,{SODIUM LAURIL SULFATE},{HYPROMELLOSE},0.08,0.59,0.14,1.05,34
776,{HYPROMELLOSE},{SODIUM LAURIL SULFATE},0.08,0.15,0.56,1.05,34
777,{SODIUM LAURIL SULFATE},{IRON OXIDE},0.12,0.84,0.14,1.39,49
778,{IRON OXIDE},{SODIUM LAURIL SULFATE},0.12,0.2,0.61,1.39,49
779,{SODIUM LAURIL SULFATE},{POLYETHYLENE GLYCOL},0.09,0.66,0.14,1.0,38
780,{POLYETHYLENE GLYCOL},{SODIUM LAURIL SULFATE},0.09,0.14,0.66,1.0,38
781,{SODIUM LAURIL SULFATE},{MICROCRYSTALLINE CELLULOSE},0.13,0.95,0.14,1.22,55
782,{MICROCRYSTALLINE CELLULOSE},{SODIUM LAURIL SULFATE},0.13,0.17,0.78,1.22,55
783,{SODIUM LAURIL SULFATE},{MAGNESIUM STEARATE},0.12,0.86,0.14,1.0,50
784,{MAGNESIUM STEARATE},{SODIUM LAURIL SULFATE},0.12,0.14,0.86,1.0,50
785,{SODIUM LAURIL SULFATE},{TITANIUM DIOXIDE},0.14,0.97,0.14,1.15,56
786,{TITANIUM DIOXIDE},{SODIUM LAURIL SULFATE},0.14,0.16,0.84,1.15,56
787,{MANNITOL},{HYDROXYPROPYLCELLULOSE},0.05,0.26,0.18,1.23,19
788,{HYDROXYPROPYLCELLULOSE},{MANNITOL},0.05,0.22,0.21,1.23,19
789,{MANNITOL},{CROSPOVIDONE},0.04,0.21,0.18,0.92,15
790,{CROSPOVIDONE},{MANNITOL},0.04,0.16,0.23,0.92,15
791,{MANNITOL},{POLYVINYL ALCOHOL},0.03,0.18,0.18,0.71,13
792,{POLYVINYL ALCOHOL},{MANNITOL},0.03,0.12,0.25,0.71,13
793,{MANNITOL},{POVIDONE},0.05,0.28,0.18,0.93,20
794,{POVIDONE},{MANNITOL},0.05,0.16,0.3,0.93,20
795,{MANNITOL},{CROSCARMELLOSE SODIUM},0.06,0.33,0.18,0.75,24
796,{CROSCARMELLOSE SODIUM},{MANNITOL},0.06,0.13,0.44,0.75,24
797,{MANNITOL},"{SILICON DIOXIDE, ANHYDROUS}",0.06,0.33,0.18,0.76,24
798,"{SILICON DIOXIDE, ANHYDROUS}",{MANNITOL},0.06,0.13,0.44,0.76,24
799,{MANNITOL},{LACTOSE MONOHYDRATE},0.04,0.21,0.18,0.46,15
800,{LACTOSE MONOHYDRATE},{MANNITOL},0.04,0.08,0.45,0.46,15
801,{MANNITOL},{TALC},0.09,0.49,0.18,0.91,35
802,{TALC},{MANNITOL},0.09,0.16,0.53,0.91,35
803,{MANNITOL},{HYPROMELLOSE},0.1,0.57,0.18,1.02,41
804,{HYPROMELLOSE},{MANNITOL},0.1,0.18,0.56,1.02,41
805,{MANNITOL},{IRON OXIDE},0.14,0.78,0.18,1.28,56
806,{IRON OXIDE},{MANNITOL},0.14,0.22,0.61,1.28,56
807,{MANNITOL},{POLYETHYLENE GLYCOL},0.11,0.61,0.18,0.93,44
808,{POLYETHYLENE GLYCOL},{MANNITOL},0.11,0.16,0.66,0.93,44
809,{MANNITOL},{MICROCRYSTALLINE CELLULOSE},0.11,0.65,0.18,0.84,47
810,{MICROCRYSTALLINE CELLULOSE},{MANNITOL},0.11,0.15,0.78,0.84,47
811,{MANNITOL},{MAGNESIUM STEARATE},0.14,0.79,0.18,0.92,57
812,{MAGNESIUM STEARATE},{MANNITOL},0.14,0.16,0.86,0.92,57
813,{MANNITOL},{TITANIUM DIOXIDE},0.14,0.81,0.18,0.96,58
814,{TITANIUM DIOXIDE},{MANNITOL},0.14,0.17,0.84,0.96,58
815,{INDIGO CARMINE},{HYDROXYPROPYLCELLULOSE},0.03,0.22,0.16,1.02,14
816,{HYDROXYPROPYLCELLULOSE},{INDIGO CARMINE},0.03,0.16,0.21,1.02,14
817,{INDIGO CARMINE},{CROSPOVIDONE},0.03,0.2,0.16,0.9,13
818,{CROSPOVIDONE},{INDIGO CARMINE},0.03,0.14,0.23,0.9,13
819,{INDIGO CARMINE},{POLYVINYL ALCOHOL},0.03,0.22,0.16,0.86,14
820,{POLYVINYL ALCOHOL},{INDIGO CARMINE},0.03,0.13,0.25,0.86,14
821,{INDIGO CARMINE},{POVIDONE},0.05,0.31,0.16,1.04,20
822,{POVIDONE},{INDIGO CARMINE},0.05,0.16,0.3,1.04,20
823,{INDIGO CARMINE},{CROSCARMELLOSE SODIUM},0.08,0.52,0.16,1.16,33
824,{CROSCARMELLOSE SODIUM},{INDIGO CARMINE},0.08,0.18,0.44,1.16,33
825,{INDIGO CARMINE},"{SILICON DIOXIDE, ANHYDROUS}",0.06,0.41,0.16,0.93,26
826,"{SILICON DIOXIDE, ANHYDROUS}",{INDIGO CARMINE},0.06,0.14,0.44,0.93,26
827,{INDIGO CARMINE},{LACTOSE MONOHYDRATE},0.09,0.58,0.16,1.28,37
828,{LACTOSE MONOHYDRATE},{INDIGO CARMINE},0.09,0.2,0.45,1.28,37
829,{INDIGO CARMINE},{TALC},0.08,0.53,0.16,1.0,34
830,{TALC},{INDIGO CARMINE},0.08,0.16,0.53,1.0,34
831,{INDIGO CARMINE},{HYPROMELLOSE},0.1,0.66,0.16,1.18,42
832,{HYPROMELLOSE},{INDIGO CARMINE},0.1,0.18,0.56,1.18,42
833,{INDIGO CARMINE},{IRON OXIDE},0.08,0.48,0.16,0.8,31
834,{IRON OXIDE},{INDIGO CARMINE},0.08,0.12,0.61,0.8,31
835,{INDIGO CARMINE},{POLYETHYLENE GLYCOL},0.12,0.77,0.16,1.17,49
836,{POLYETHYLENE GLYCOL},{INDIGO CARMINE},0.12,0.18,0.66,1.17,49
837,{INDIGO CARMINE},{MICROCRYSTALLINE CELLULOSE},0.13,0.84,0.16,1.08,54
838,{MICROCRYSTALLINE CELLULOSE},{INDIGO CARMINE},0.13,0.17,0.78,1.08,54
839,{INDIGO CARMINE},{MAGNESIUM STEARATE},0.13,0.86,0.16,0.99,55
840,{MAGNESIUM STEARATE},{INDIGO CARMINE},0.13,0.15,0.86,0.99,55
841,{INDIGO CARMINE},{TITANIUM DIOXIDE},0.15,0.95,0.16,1.13,61
842,{TITANIUM DIOXIDE},{INDIGO CARMINE},0.15,0.18,0.84,1.13,61
843,{HYDROXYPROPYLCELLULOSE},{CROSPOVIDONE},0.05,0.22,0.21,0.95,19
844,{CROSPOVIDONE},{HYDROXYPROPYLCELLULOSE},0.05,0.2,0.23,0.95,19
845,{HYDROXYPROPYLCELLULOSE},{POLYVINYL ALCOHOL},0.04,0.2,0.21,0.81,18
846,{POLYVINYL ALCOHOL},{HYDROXYPROPYLCELLULOSE},0.04,0.17,0.25,0.81,18
847,{HYDROXYPROPYLCELLULOSE},{POVIDONE},0.02,0.08,0.21,0.27,7
848,{POVIDONE},{HYDROXYPROPYLCELLULOSE},0.02,0.06,0.3,0.27,7
849,{HYDROXYPROPYLCELLULOSE},{CROSCARMELLOSE SODIUM},0.09,0.42,0.21,0.95,37
850,{CROSCARMELLOSE SODIUM},{HYDROXYPROPYLCELLULOSE},0.09,0.2,0.44,0.95,37
851,{HYDROXYPROPYLCELLULOSE},"{SILICON DIOXIDE, ANHYDROUS}",0.07,0.32,0.21,0.73,28
852,"{SILICON DIOXIDE, ANHYDROUS}",{HYDROXYPROPYLCELLULOSE},0.07,0.16,0.44,0.73,28
853,{HYDROXYPROPYLCELLULOSE},{LACTOSE MONOHYDRATE},0.11,0.5,0.21,1.1,44
854,{LACTOSE MONOHYDRATE},{HYDROXYPROPYLCELLULOSE},0.11,0.24,0.45,1.1,44
855,{HYDROXYPROPYLCELLULOSE},{TALC},0.12,0.56,0.21,1.04,49
856,{TALC},{HYDROXYPROPYLCELLULOSE},0.12,0.22,0.53,1.04,49
857,{HYDROXYPROPYLCELLULOSE},{HYPROMELLOSE},0.12,0.58,0.21,1.04,51
858,{HYPROMELLOSE},{HYDROXYPROPYLCELLULOSE},0.12,0.22,0.56,1.04,51
859,{HYDROXYPROPYLCELLULOSE},{IRON OXIDE},0.15,0.7,0.21,1.16,62
860,{IRON OXIDE},{HYDROXYPROPYLCELLULOSE},0.15,0.25,0.61,1.16,62
861,{HYDROXYPROPYLCELLULOSE},{POLYETHYLENE GLYCOL},0.13,0.6,0.21,0.92,53
862,{POLYETHYLENE GLYCOL},{HYDROXYPROPYLCELLULOSE},0.13,0.2,0.66,0.92,53
863,{HYDROXYPROPYLCELLULOSE},{MICROCRYSTALLINE CELLULOSE},0.15,0.69,0.21,0.89,61
864,{MICROCRYSTALLINE CELLULOSE},{HYDROXYPROPYLCELLULOSE},0.15,0.19,0.78,0.89,61
865,{HYDROXYPROPYLCELLULOSE},{MAGNESIUM STEARATE},0.18,0.86,0.21,1.0,76
866,{MAGNESIUM STEARATE},{HYDROXYPROPYLCELLULOSE},0.18,0.21,0.86,1.0,76
867,{HYDROXYPROPYLCELLULOSE},{TITANIUM DIOXIDE},0.18,0.84,0.21,1.0,74
868,{TITANIUM DIOXIDE},{HYDROXYPROPYLCELLULOSE},0.18,0.21,0.84,1.0,74
869,{CROSPOVIDONE},{POLYVINYL ALCOHOL},0.05,0.23,0.23,0.89,21
870,{POLYVINYL ALCOHOL},{CROSPOVIDONE},0.05,0.2,0.25,0.89,21
871,{CROSPOVIDONE},{POVIDONE},0.07,0.29,0.23,0.97,27
872,{POVIDONE},{CROSPOVIDONE},0.07,0.22,0.3,0.97,27
873,{CROSPOVIDONE},"{SILICON DIOXIDE, ANHYDROUS}",0.13,0.59,0.23,1.35,55
874,"{SILICON DIOXIDE, ANHYDROUS}",{CROSPOVIDONE},0.13,0.31,0.44,1.35,55
875,{CROSPOVIDONE},{LACTOSE MONOHYDRATE},0.09,0.42,0.23,0.93,39
876,{LACTOSE MONOHYDRATE},{CROSPOVIDONE},0.09,0.21,0.45,0.93,39
877,{CROSPOVIDONE},{TALC},0.12,0.55,0.23,1.03,51
878,{TALC},{CROSPOVIDONE},0.12,0.23,0.53,1.03,51
879,{CROSPOVIDONE},{HYPROMELLOSE},0.15,0.68,0.23,1.22,63
880,{HYPROMELLOSE},{CROSPOVIDONE},0.15,0.28,0.56,1.22,63
881,{CROSPOVIDONE},{IRON OXIDE},0.14,0.6,0.23,0.99,56
882,{IRON OXIDE},{CROSPOVIDONE},0.14,0.22,0.61,0.99,56
883,{CROSPOVIDONE},{POLYETHYLENE GLYCOL},0.16,0.71,0.23,1.08,66
884,{POLYETHYLENE GLYCOL},{CROSPOVIDONE},0.16,0.24,0.66,1.08,66
885,{CROSPOVIDONE},{MICROCRYSTALLINE CELLULOSE},0.18,0.81,0.23,1.04,75
886,{MICROCRYSTALLINE CELLULOSE},{CROSPOVIDONE},0.18,0.23,0.78,1.04,75
887,{CROSPOVIDONE},{MAGNESIUM STEARATE},0.19,0.85,0.23,0.98,79
888,{MAGNESIUM STEARATE},{CROSPOVIDONE},0.19,0.22,0.86,0.98,79
889,{CROSPOVIDONE},{TITANIUM DIOXIDE},0.2,0.89,0.23,1.06,83
890,{TITANIUM DIOXIDE},{CROSPOVIDONE},0.2,0.24,0.84,1.06,83
891,{POLYVINYL ALCOHOL},{POVIDONE},0.05,0.21,0.25,0.71,22
892,{POVIDONE},{POLYVINYL ALCOHOL},0.05,0.18,0.3,0.71,22
893,{POLYVINYL ALCOHOL},{CROSCARMELLOSE SODIUM},0.15,0.58,0.25,1.3,60
894,{CROSCARMELLOSE SODIUM},{POLYVINYL ALCOHOL},0.15,0.33,0.44,1.3,60
895,{POLYVINYL ALCOHOL},"{SILICON DIOXIDE, ANHYDROUS}",0.12,0.49,0.25,1.12,51
896,"{SILICON DIOXIDE, ANHYDROUS}",{POLYVINYL ALCOHOL},0.12,0.28,0.44,1.12,51
897,{POLYVINYL ALCOHOL},{LACTOSE MONOHYDRATE},0.09,0.36,0.25,0.79,37
898,{LACTOSE MONOHYDRATE},{POLYVINYL ALCOHOL},0.09,0.2,0.45,0.79,37
899,{POLYVINYL ALCOHOL},{TALC},0.25,1.0,0.25,1.88,104
900,{TALC},{POLYVINYL ALCOHOL},0.25,0.47,0.53,1.88,104
901,{POLYVINYL ALCOHOL},{HYPROMELLOSE},0.02,0.09,0.25,0.16,9
902,{HYPROMELLOSE},{POLYVINYL ALCOHOL},0.02,0.04,0.56,0.16,9
903,{POLYVINYL ALCOHOL},{IRON OXIDE},0.19,0.74,0.25,1.22,77
904,{IRON OXIDE},{POLYVINYL ALCOHOL},0.19,0.31,0.61,1.22,77
905,{POLYVINYL ALCOHOL},{POLYETHYLENE GLYCOL},0.23,0.89,0.25,1.36,93
906,{POLYETHYLENE GLYCOL},{POLYVINYL ALCOHOL},0.23,0.34,0.66,1.36,93
907,{POLYVINYL ALCOHOL},{MICROCRYSTALLINE CELLULOSE},0.2,0.81,0.25,1.04,84
908,{MICROCRYSTALLINE CELLULOSE},{POLYVINYL ALCOHOL},0.2,0.26,0.78,1.04,84
909,{POLYVINYL ALCOHOL},{MAGNESIUM STEARATE},0.22,0.88,0.25,1.02,92
910,{MAGNESIUM STEARATE},{POLYVINYL ALCOHOL},0.22,0.26,0.86,1.02,92
911,{POLYVINYL ALCOHOL},{TITANIUM DIOXIDE},0.25,0.99,0.25,1.18,103
912,{TITANIUM DIOXIDE},{POLYVINYL ALCOHOL},0.25,0.3,0.84,1.18,103
913,{POVIDONE},{CROSCARMELLOSE SODIUM},0.13,0.43,0.3,0.97,53
914,{CROSCARMELLOSE SODIUM},{POVIDONE},0.13,0.29,0.44,0.97,53
915,{POVIDONE},"{SILICON DIOXIDE, ANHYDROUS}",0.13,0.43,0.3,0.98,53
916,"{SILICON DIOXIDE, ANHYDROUS}",{POVIDONE},0.13,0.29,0.44,0.98,53
917,{POVIDONE},{LACTOSE MONOHYDRATE},0.14,0.47,0.3,1.04,58
918,{LACTOSE MONOHYDRATE},{POVIDONE},0.14,0.31,0.45,1.04,58
919,{POVIDONE},{TALC},0.15,0.49,0.3,0.92,60
920,{TALC},{POVIDONE},0.15,0.27,0.53,0.92,60
921,{POVIDONE},{HYPROMELLOSE},0.16,0.54,0.3,0.96,66
922,{HYPROMELLOSE},{POVIDONE},0.16,0.29,0.56,0.96,66
923,{POVIDONE},{IRON OXIDE},0.18,0.59,0.3,0.96,72
924,{IRON OXIDE},{POVIDONE},0.18,0.29,0.61,0.96,72
925,{POVIDONE},{POLYETHYLENE GLYCOL},0.19,0.64,0.3,0.98,79
926,{POLYETHYLENE GLYCOL},{POVIDONE},0.19,0.29,0.66,0.98,79
927,{POVIDONE},{MICROCRYSTALLINE CELLULOSE},0.23,0.76,0.3,0.98,94
928,{MICROCRYSTALLINE CELLULOSE},{POVIDONE},0.23,0.29,0.78,0.98,94
929,{POVIDONE},{MAGNESIUM STEARATE},0.28,0.93,0.3,1.07,114
930,{MAGNESIUM STEARATE},{POVIDONE},0.28,0.32,0.86,1.07,114
931,{POVIDONE},{TITANIUM DIOXIDE},0.24,0.8,0.3,0.95,98
932,{TITANIUM DIOXIDE},{POVIDONE},0.24,0.28,0.84,0.95,98
933,{CROSCARMELLOSE SODIUM},"{SILICON DIOXIDE, ANHYDROUS}",0.19,0.43,0.44,0.98,78
934,"{SILICON DIOXIDE, ANHYDROUS}",{CROSCARMELLOSE SODIUM},0.19,0.43,0.44,0.98,78
935,{CROSCARMELLOSE SODIUM},{LACTOSE MONOHYDRATE},0.22,0.49,0.44,1.08,89
936,{LACTOSE MONOHYDRATE},{CROSCARMELLOSE SODIUM},0.22,0.48,0.45,1.08,89
937,{CROSCARMELLOSE SODIUM},{TALC},0.26,0.58,0.44,1.09,106
938,{TALC},{CROSCARMELLOSE SODIUM},0.26,0.48,0.53,1.09,106
939,{CROSCARMELLOSE SODIUM},{HYPROMELLOSE},0.23,0.52,0.44,0.93,94
940,{HYPROMELLOSE},{CROSCARMELLOSE SODIUM},0.23,0.41,0.56,0.93,94
941,{CROSCARMELLOSE SODIUM},{IRON OXIDE},0.29,0.65,0.44,1.07,119
942,{IRON OXIDE},{CROSCARMELLOSE SODIUM},0.29,0.48,0.61,1.07,119
943,{CROSCARMELLOSE SODIUM},{POLYETHYLENE GLYCOL},0.29,0.66,0.44,1.0,120
944,{POLYETHYLENE GLYCOL},{CROSCARMELLOSE SODIUM},0.29,0.44,0.66,1.0,120
945,{CROSCARMELLOSE SODIUM},{MICROCRYSTALLINE CELLULOSE},0.38,0.87,0.44,1.12,158
946,{MICROCRYSTALLINE CELLULOSE},{CROSCARMELLOSE SODIUM},0.38,0.49,0.78,1.12,158
947,{CROSCARMELLOSE SODIUM},{MAGNESIUM STEARATE},0.41,0.93,0.44,1.08,169
948,{MAGNESIUM STEARATE},{CROSCARMELLOSE SODIUM},0.41,0.48,0.86,1.08,169
949,{CROSCARMELLOSE SODIUM},{TITANIUM DIOXIDE},0.39,0.88,0.44,1.05,161
950,{TITANIUM DIOXIDE},{CROSCARMELLOSE SODIUM},0.39,0.47,0.84,1.05,161
951,"{SILICON DIOXIDE, ANHYDROUS}",{LACTOSE MONOHYDRATE},0.19,0.44,0.44,0.97,79
952,{LACTOSE MONOHYDRATE},"{SILICON DIOXIDE, ANHYDROUS}",0.19,0.42,0.45,0.97,79
953,"{SILICON DIOXIDE, ANHYDROUS}",{TALC},0.25,0.58,0.44,1.08,104
954,{TALC},"{SILICON DIOXIDE, ANHYDROUS}",0.25,0.47,0.53,1.08,104
955,"{SILICON DIOXIDE, ANHYDROUS}",{HYPROMELLOSE},0.24,0.55,0.44,0.99,99
956,{HYPROMELLOSE},"{SILICON DIOXIDE, ANHYDROUS}",0.24,0.43,0.56,0.99,99
957,"{SILICON DIOXIDE, ANHYDROUS}",{IRON OXIDE},0.27,0.62,0.44,1.02,112
958,{IRON OXIDE},"{SILICON DIOXIDE, ANHYDROUS}",0.27,0.45,0.61,1.02,112
959,"{SILICON DIOXIDE, ANHYDROUS}",{POLYETHYLENE GLYCOL},0.3,0.69,0.44,1.06,125
960,{POLYETHYLENE GLYCOL},"{SILICON DIOXIDE, ANHYDROUS}",0.3,0.46,0.66,1.06,125
961,"{SILICON DIOXIDE, ANHYDROUS}",{MICROCRYSTALLINE CELLULOSE},0.36,0.83,0.44,1.06,149
962,{MICROCRYSTALLINE CELLULOSE},"{SILICON DIOXIDE, ANHYDROUS}",0.36,0.47,0.78,1.06,149
963,"{SILICON DIOXIDE, ANHYDROUS}",{MAGNESIUM STEARATE},0.37,0.85,0.44,0.98,153
964,{MAGNESIUM STEARATE},"{SILICON DIOXIDE, ANHYDROUS}",0.37,0.43,0.86,0.98,153
965,"{SILICON DIOXIDE, ANHYDROUS}",{TITANIUM DIOXIDE},0.37,0.86,0.44,1.02,154
966,{TITANIUM DIOXIDE},"{SILICON DIOXIDE, ANHYDROUS}",0.37,0.45,0.84,1.02,154
967,{LACTOSE MONOHYDRATE},{TALC},0.2,0.45,0.45,0.85,84
968,{TALC},{LACTOSE MONOHYDRATE},0.2,0.38,0.53,0.85,84
969,{LACTOSE MONOHYDRATE},{HYPROMELLOSE},0.29,0.64,0.45,1.15,119
970,{HYPROMELLOSE},{LACTOSE MONOHYDRATE},0.29,0.52,0.56,1.15,119
971,{LACTOSE MONOHYDRATE},{IRON OXIDE},0.25,0.55,0.45,0.9,102
972,{IRON OXIDE},{LACTOSE MONOHYDRATE},0.25,0.41,0.61,0.9,102
973,{LACTOSE MONOHYDRATE},{POLYETHYLENE GLYCOL},0.27,0.6,0.45,0.92,112
974,{POLYETHYLENE GLYCOL},{LACTOSE MONOHYDRATE},0.27,0.41,0.66,0.92,112
975,{LACTOSE MONOHYDRATE},{MICROCRYSTALLINE CELLULOSE},0.37,0.82,0.45,1.05,152
976,{MICROCRYSTALLINE CELLULOSE},{LACTOSE MONOHYDRATE},0.37,0.48,0.78,1.05,152
977,{LACTOSE MONOHYDRATE},{MAGNESIUM STEARATE},0.4,0.89,0.45,1.03,165
978,{MAGNESIUM STEARATE},{LACTOSE MONOHYDRATE},0.4,0.46,0.86,1.03,165
979,{LACTOSE MONOHYDRATE},{TITANIUM DIOXIDE},0.38,0.85,0.45,1.01,158
980,{TITANIUM DIOXIDE},{LACTOSE MONOHYDRATE},0.38,0.46,0.84,1.01,158
981,{TALC},{HYPROMELLOSE},0.22,0.41,0.53,0.73,89
982,{HYPROMELLOSE},{TALC},0.22,0.39,0.56,0.73,89
983,{TALC},{IRON OXIDE},0.38,0.72,0.53,1.19,158
984,{IRON OXIDE},{TALC},0.38,0.63,0.61,1.19,158
985,{TALC},{POLYETHYLENE GLYCOL},0.42,0.79,0.53,1.2,173
986,{POLYETHYLENE GLYCOL},{TALC},0.42,0.64,0.66,1.2,173
987,{TALC},{MICROCRYSTALLINE CELLULOSE},0.42,0.78,0.53,1.0,171
988,{MICROCRYSTALLINE CELLULOSE},{TALC},0.42,0.53,0.78,1.0,171
989,{TALC},{MAGNESIUM STEARATE},0.45,0.85,0.53,0.99,187
990,{MAGNESIUM STEARATE},{TALC},0.45,0.53,0.86,0.99,187
991,{TALC},{TITANIUM DIOXIDE},0.51,0.95,0.53,1.13,209
992,{TITANIUM DIOXIDE},{TALC},0.51,0.6,0.84,1.13,209
993,{HYPROMELLOSE},{IRON OXIDE},0.36,0.65,0.56,1.07,149
994,{IRON OXIDE},{HYPROMELLOSE},0.36,0.6,0.61,1.07,149
995,{HYPROMELLOSE},{POLYETHYLENE GLYCOL},0.38,0.68,0.56,1.03,155
996,{POLYETHYLENE GLYCOL},{HYPROMELLOSE},0.38,0.57,0.66,1.03,155
997,{HYPROMELLOSE},{MICROCRYSTALLINE CELLULOSE},0.43,0.77,0.56,0.99,176
998,{MICROCRYSTALLINE CELLULOSE},{HYPROMELLOSE},0.43,0.55,0.78,0.99,176
999,{HYPROMELLOSE},{MAGNESIUM STEARATE},0.48,0.87,0.56,1.01,199
1000,{MAGNESIUM STEARATE},{HYPROMELLOSE},0.48,0.56,0.86,1.01,199
1001,{HYPROMELLOSE},{TITANIUM DIOXIDE},0.54,0.96,0.56,1.14,220
1002,{TITANIUM DIOXIDE},{HYPROMELLOSE},0.54,0.64,0.84,1.14,220
1003,{IRON OXIDE},{POLYETHYLENE GLYCOL},0.43,0.71,0.61,1.08,178
1004,{POLYETHYLENE GLYCOL},{IRON OXIDE},0.43,0.66,0.66,1.08,178
1005,{IRON OXIDE},{MICROCRYSTALLINE CELLULOSE},0.48,0.78,0.61,1.01,196
1006,{MICROCRYSTALLINE CELLULOSE},{IRON OXIDE},0.48,0.61,0.78,1.01,196
1007,{IRON OXIDE},{MAGNESIUM STEARATE},0.53,0.87,0.61,1.01,218
1008,{MAGNESIUM STEARATE},{IRON OXIDE},0.53,0.61,0.86,1.01,218
1009,{IRON OXIDE},{TITANIUM DIOXIDE},0.57,0.94,0.61,1.11,234
1010,{TITANIUM DIOXIDE},{IRON OXIDE},0.57,0.68,0.84,1.11,234
1011,{POLYETHYLENE GLYCOL},{MICROCRYSTALLINE CELLULOSE},0.52,0.79,0.66,1.02,214
1012,{MICROCRYSTALLINE CELLULOSE},{POLYETHYLENE GLYCOL},0.52,0.67,0.78,1.02,214
1013,{POLYETHYLENE GLYCOL},{MAGNESIUM STEARATE},0.56,0.85,0.66,0.98,229
1014,{MAGNESIUM STEARATE},{POLYETHYLENE GLYCOL},0.56,0.65,0.86,0.98,229
1015,{POLYETHYLENE GLYCOL},{TITANIUM DIOXIDE},0.64,0.98,0.66,1.16,264
1016,{TITANIUM DIOXIDE},{POLYETHYLENE GLYCOL},0.64,0.76,0.84,1.16,264
1017,{MICROCRYSTALLINE CELLULOSE},{MAGNESIUM STEARATE},0.68,0.87,0.78,1.01,279
1018,{MAGNESIUM STEARATE},{MICROCRYSTALLINE CELLULOSE},0.68,0.79,0.86,1.01,279
1019,{MICROCRYSTALLINE CELLULOSE},{TITANIUM DIOXIDE},0.67,0.86,0.78,1.02,274
1020,{TITANIUM DIOXIDE},{MICROCRYSTALLINE CELLULOSE},0.67,0.79,0.84,1.02,274
1021,{MAGNESIUM STEARATE},{TITANIUM DIOXIDE},0.72,0.84,0.86,0.99,297
1022,{TITANIUM DIOXIDE},{MAGNESIUM STEARATE},0.72,0.86,0.84,0.99,297
